"llama",2.496249280007371e-7
"llano",2.295365787457897e-8
"loads",0.00001273207951572289
"loamy",1.0054236788177034e-6
"loath",7.661746639439447e-7
"lobar",3.260094039019902e-7
"lobby",4.372859428254729e-6
"lobed",1.312034216468513e-6
"local",0.00020592938041437997
"locum",2.3062387109685406e-7
"locus",4.571961718872462e-6
"lodge",5.435422459716991e-6
"lofty",5.651496839358485e-6
"logic",0.000019714714273382148
"loins",1.0482074074713923e-6
"lolly",4.9032574735824115e-8
"loner",2.6314968885438827e-7
"loony",1.1149579469845037e-7
"loopy",5.938556259909573e-8
"loose",0.000020430355242351898
"lorry",8.808900823750457e-7
"loser",1.205150164085752e-6
"lotto",6.348765855385143e-8
"lotus",1.3340342270421696e-6
"lough",1.0716234422535852e-7
"louse",6.530970603348006e-7
"lousy",7.578165442792594e-7
"loved",0.000030024997178448283
"lover",0.000010654749457210425
"lower",0.0001454938353261905
"lowly",1.7453441446493195e-6
"loyal",8.279369414430505e-6
"lucid",1.8085989183686849e-6
"lucky",7.850597884007676e-6
"lucre",1.9813778833747706e-7
"lumen",2.2013531140987744e-6
"lumpy",4.752430152835085e-7
"lunar",3.4537192785913073e-6
"lunch",0.000013742292838971532
"lunge",3.3147257535765507e-7
"lupus",1.3316187915372128e-6
"lurch",5.170498780496135e-7
"lurid",7.722622505602646e-7
"lusty",6.797902898354089e-7
"lying",0.000029016387377789244
"lymph",4.840963544148828e-6
"lynch",2.3974942369349974e-7
"lyric",2.2907682988612366e-6
"ma'am",2.169811369585552e-6
"macaw",7.760254120229638e-8
"macho",4.4094645867092363e-7
"macro",3.6941379907515875e-6
"madam",2.2031117162913017e-6
"madly",9.627366119189632e-7
"mafia",3.0686502077767295e-7
"magic",0.000012378227653998147
"magma",1.5932530781978041e-6
"maize",5.365906403853925e-6
"major",0.0001405079105829302
"maker",9.52496450434109e-6
"mamba",3.113830677064917e-8
"mambo",4.9524235503396206e-8
"mange",2.7960703464772513e-7
"mango",9.217331417846799e-7
"mangy",1.445998943476909e-7
"mania",1.618756306341245e-6
"manic",1.035215986469565e-6
"manly",2.7154586563582048e-6
"manna",6.094968081675678e-7
"manor",4.180541310416943e-6
"manse",2.768789913343734e-7
"manta",6.50930469565563e-8
"maple",3.1010877803280893e-6
"march",0.000013289513526786176
"March",0.0001500094995234247
"marge",7.447976093701424e-8
"maria",1.5987994259759673e-7
"marry",0.000014474810926094992
"marsh",3.503229722932101e-6
"maser",2.6232561130633397e-7
"mason",9.940105094687987e-7
"match",0.00001977220772890391
"mated",1.1969078784312058e-6
"mater",1.3491793372196696e-6
"mates",2.483381592997653e-6
"matey",3.8631254648371665e-8
"matte",8.06733034138931e-7
"matzo",4.155810497176148e-8
"mauve",4.847352944511616e-7
"maven",3.394779171286984e-8
"maxim",2.6402997532662714e-6
"maybe",0.000023269281028770503
"mayor",9.64470485778086e-6
"mealy",3.351960449357536e-7
"means",0.0002751436895835735
"meaty",3.094298418794285e-7
"mecca",1.6447320894367502e-7
"medal",3.892386681191783e-6
"medic",3.506947880426692e-7
"melee",2.8767818575472327e-7
"melon",8.750920193049602e-7
"mercy",0.000013220650786237786
"merge",3.028465219065581e-6
"merit",0.000017536273405523945
"merry",4.201217987715844e-6
"meson",8.630247540968514e-7
"messy",1.1873940469734692e-6
"metal",0.00006035012900695716
"meter",0.00001175922632089066
"metro",8.516179903685943e-7
"mezzo",2.6945804568079684e-7
"micro",7.0861778743439284e-6
"middy",3.728691905562122e-8
"midge",2.5230402471623935e-7
"midst",0.000013434693206541301
"might",0.00036177459035564353
"milch",4.0459583239029275e-7
"miler",3.597995239821123e-8
"milky",1.0734497837631195e-6
"mimic",1.6724945504737792e-6
"mince",4.3267030220595125e-7
"mined",4.251897001234031e-6
"miner",2.8281253622108163e-6
"mingy",4.822985741820339e-9
"minim",1.7567174204809414e-7
"minor",0.00003751153501177987
"minty",4.910647986146394e-8
"minus",6.6124700438776655e-6
"mired",4.132227294737074e-7
"mirth",1.7747844646029817e-6
"miser",5.158842575450526e-7
"misty",1.197998651069898e-6
"miter",2.581052133563167e-7
"mixed",0.000038472881177215085
"mixer",2.2724788061484784e-6
"mocha",9.130406961872089e-8
"modal",2.8058732445256467e-6
"model",0.0001348409918347919
"modem",2.994974541160202e-6
"mogul",1.4453812531399736e-7
"moire",1.6240994850253036e-7
"moist",7.157583293589501e-6
"molar",3.4174676863430934e-6
"moldy",2.5912844856042675e-7
"molly",4.5018183648851e-8
"momma",2.2269409766039215e-7
"mommy",3.4890292035746666e-7
"money",0.0001881949929812681
"month",0.00010088756469992016
"mooch",2.8524737856712732e-8
"moody",5.878993918553631e-7
"moose",1.163260344401266e-6
"moped",1.4279431226825342e-7
"mopes",1.7026289574529262e-8
"moral",0.00005640811785195456
"moray",4.0091481011645164e-8
"morel",6.734135659187236e-8
"mores",1.029567895095615e-6
"mosey",2.893444505778477e-8
"mossy",6.286407651394763e-7
"motel",1.6044371390231939e-6
"motet",1.7614596557449327e-7
"motif",3.0193030519707758e-6
"motor",0.00004966366096568548
"motto",2.8934902986562228e-6
"moult",4.64348668502148e-7
"mound",3.822799375666343e-6
"mount",6.858638805483045e-6
"mourn",1.9033390225019207e-6
"mouse",0.000010652304522721188
"mousy",8.145531874030466e-8
"mouth",0.000056804514065820673
"moved",0.00007840645851144362
"mover",1.493385704436173e-6
"movie",0.00001117900683222947
"mower",7.01015910426214e-7
"moxie",2.21322238880263e-8
"mucky",9.94534928812051e-8
"mucus",2.1426818381919053e-6
"muddy",2.9350964943347545e-6
"mufti",1.370523767155551e-7
"muggy",1.335843675507552e-7
"mulch",1.0239037580440306e-6
"mulct",7.051046879508277e-8
"mummy",7.931045194543492e-7
"mumps",5.355640918392002e-7
"munch",1.2408561091648092e-7
"mural",1.5301250613104246e-6
"murky",8.466753477355277e-7
"mushy",2.7966966975377857e-7
"music",0.00006979846313254822
"musky",2.0415661300200502e-7
"mussy",1.6418886317038466e-8
"musty",6.658938564577928e-7
"muted",1.1138486658521756e-6
"myrrh",3.725125066792652e-7
"nabob",1.3887510339682343e-7
"nacho",1.4194083493194813e-8
"nacre",8.165494183267726e-8
"nadir",4.1939604215281935e-7
