aback,9.348001844502783e-7
abaft,2.0072276708927237e-7
abase,9.217254681758404e-8
abash,3.1742076313638815e-8
abate,1.5337367625741966e-6
abbey,2.0241128787950113e-6
abbot,2.140389391264137e-6
abeam,1.0020252398969602e-7
abhor,5.679266113700455e-7
abide,4.3666750956866236e-6
abode,3.866558099694248e-6
abort,5.945326534923249e-7
about,0.0009888351548801072
above,0.0002800516664993145
abuse,0.00002572158438597462
abuzz,5.858032404987617e-8
abyss,1.768452920836762e-6
acorn,4.889270999874548e-7
acres,0.00004316798279635293
acrid,7.06279935045697e-7
actor,9.891099071096249e-6
acute,0.000026594988074093522
adage,7.587171816214267e-7
adapt,6.730967708165835e-6
adder,5.558733980243108e-7
addle,4.3395396489885846e-8
adept,1.4093179104425023e-6
adieu,7.101758122182739e-7
adios,2.3927755336510992e-8
adman,2.7427024469985478e-8
admit,0.000025636540763692105
admix,1.707498731480049e-8
adobe,8.260625149743657e-7
adopt,0.000022453857955091286
adore,1.353202596630217e-6
adorn,1.4194581245300256e-6
adult,0.00003524730936916873
aegis,7.559724438365361e-7
aerie,4.305809923176222e-8
affix,9.154001915903998e-7
afire,3.1137087201064096e-7
afoot,6.980311146426886e-7
afoul,2.8672551325899864e-7
after,0.0006412205221464199
again,0.0002563947892268247
agape,3.2565637600943076e-7
agate,6.007123924614036e-7
agave,1.591951585043515e-7
agent,0.00006068299888336827
aggro,1.8127518618763048e-8
agile,9.08594126426712e-7
aging,7.96322772255843e-6
aglow,2.921931557663736e-7
agony,4.366671581922946e-6
agree,0.000053002920436857935
ahead,0.00003248632831378855
aided,8.389855195568114e-6
aired,1.0614605350696632e-6
aisle,3.169392297146486e-6
alack,7.444032330160655e-8
alarm,0.000011435334567961355
album,4.072567518631646e-6
alder,6.841567995131437e-7
alert,7.552855131143278e-6
algae,3.7989574936878948e-6
algal,1.39751332744916e-6
alias,2.1152470823545756e-6
alibi,9.167735712219977e-7
alien,0.000011237891669235805
align,1.7746344548421692e-6
alike,0.00001638884082556832
alive,0.000023842143976140963
alkyd,2.0435221964796115e-7
allay,1.018583869840269e-6
alley,3.87400444943725e-6
allot,6.449392757848921e-7
allow,0.0000748216731367647
alloy,9.968064315929335e-6
aloes,3.02101948792718e-7
aloft,1.8234701701836414e-6
aloha,5.232129007351849e-8
alone,0.00010515061639493101
along,0.00017434990171457274
aloof,1.7721124983094889e-6
aloud,6.126108428749573e-6
alpha,5.8913493981368065e-6
altar,9.083351673576323e-6
alter,0.000015376305146949223
amass,3.492676075607531e-7
amaze,4.1752497682416273e-7
amber,2.2519721447357955e-6
ambit,5.821123769807658e-7
amble,1.3157842340575942e-7
amend,0.00002768387331972493
amide,9.463241232648575e-7
amigo,1.2905596184737079e-7
amine,1.7676023407557972e-6
amino,0.000012233831628978323
amiss,1.4163002549165817e-6
amity,7.554858229818028e-7
among,0.00023814544065208241
amour,5.442121654330847e-7
ample,0.000012906649820773954
amply,3.3401200019612024e-6
amuse,1.7711090677964903e-6
anent,2.892198961463143e-7
angel,7.855286750651957e-6
anger,0.00001728805310789724
angle,0.000037412649670439855
angry,0.00001642187020413526
angst,3.072258450945098e-7
anion,2.0901958583555484e-6
anise,2.6464635676666714e-7
ankle,3.698815335104674e-6
annex,2.1197306448068535e-6
annoy,1.0085952436380879e-6
annul,1.0215273998693957e-6
anode,3.3390736541603356e-6
antic,1.7790605827536576e-7
antsy,8.525297501382518e-8
anvil,9.900244108342835e-7
aorta,2.6059135722334757e-6
apace,7.166004781191591e-7
apart,0.000036861661407859517
aphid,8.290464516785984e-7
apish,3.1790398366971654e-8
apnea,6.954184045781072e-7
apple,9.843714070431718e-6
apply,0.00007949551844132642
apron,2.629459654099105e-6
aptly,1.8204116898856419e-6
arbor,7.421778433875777e-7
arced,1.0403069592718474e-7
ardor,9.36818684698949e-7
areal,8.483898659738887e-7
arena,5.109356658340007e-6
argon,2.028660926338528e-6
argot,1.1377517306662734e-7
argue,0.000019429378340332513
arise,0.000028171269989239118
armed,0.00002503369838462663
armor,3.6540303299920436e-6
aroma,1.565410901373514e-6
arras,1.4969696628666192e-7
array,0.000014588968088309175
arrow,7.5995143709501855e-6
arson,1.2045509410007402e-6
ascot,2.1038376739596046e-8
ashen,3.816115020145146e-7
aside,0.00003462404549757683
askew,2.6849762692125375e-7
aspen,9.619190313549974e-7
aspic,7.915067220222949e-8
assay,6.260477028011265e-6
asset,0.000013441031289374057
aster,8.120021737562131e-7
astir,1.9159521496077695e-7
atilt,6.240700965892022e-9
atlas,1.5776583321934886e-6
atoll,3.5704676478401295e-7
atone,7.286110243345261e-7
attar,6.815407999165067e-8
attic,1.989383273395772e-6
audio,6.5904696606251394e-6
audit,0.000011718934952055133
auger,6.399286823087822e-7
aught,1.6343277851964331e-6
augur,2.7750799115965334e-7
aural,8.507177228756125e-7
auric,5.630265684250949e-8
auxin,5.196527388228177e-7
avail,7.398210347909485e-6
avast,2.6307513336899933e-8
avert,1.945261736936192e-6
avian,1.1854351277872017e-6
avoid,0.0000529267340088735
await,4.244176760468689e-6
awake,7.115899013119049e-6
award,0.000027512983431142754
aware,0.00004707405161050687
awash,3.935362415170256e-7
awful,8.635216795460186e-6
awing,3.6908792035077973e-8
axial,6.893629934494558e-6
axiom,1.6025928522172561e-6
azure,1.0083773902900932e-6
babel,9.730618297182363e-8
baccy,2.5074474149246556e-8
bacon,3.2286810663310224e-6
badge,2.4370987998060504e-6
badly,0.000013888587658188521
bagel,1.6145495394542906e-7
baggy,4.381910438679985e-7
bairn,1.7196700727265786e-7
baize,1.5498365463349538e-7
baked,3.7496278552776667e-6
baker,1.483123860340039e-6
baldy,1.2554340183999229e-8
balky,5.414367829304456e-8
bally,4.703802585036771e-8
balmy,5.391114200080495e-7
balsa,1.5195204728965945e-7
banal,5.974933326839425e-7
bandy,1.4615851392238218e-7
banjo,4.463999595055149e-7
banns,2.3750824822504647e-7
bared,7.077073428068012e-7
barge,3.4511919118196523e-6
barmy,2.8661665513854266e-8
baron,1.640814920352184e-6
basal,0.000010000507153677126
based,0.00021551347837020708
basic,0.00008301232945703233
basil,7.639668654633886e-7
basin,0.00001571807381176057
basis,0.00015192143973744252
basso,2.0624858269026684e-7
baste,1.8205308957035927e-7
batch,5.603447646637656e-6
bated,2.0184865641068725e-7
bathe,1.33963695900451e-6
batik,1.4433397027107254e-7
baton,6.20193210663244e-7
batty,4.575878947294928e-8
baulk,8.509381890647503e-8
bawdy,3.3345362058811897e-7
bayou,3.6413233280549123e-7
beach,0.000014334998495837887
beads,4.643153110028232e-6
beady,1.7715589481431788e-7
beard,5.043897828206381e-6
beast,6.752376066319352e-6
beats,3.5986968670437274e-6
beaut,6.113314255414642e-8
bebop,1.2582314358610198e-7
bedim,7.878033520963492e-9
beech,1.5586146726211615e-6
beefy,1.603382595900781e-7
beery,3.341708851798344e-8
befit,1.1856141400060148e-7
befog,2.2504128816486026e-8
beget,5.868612798947188e-7
begin,0.00005510332437750697
begum,1.6657773986561862e-8
beige,6.828310608480787e-7
being,0.0006357289281585908
belay,9.511548271819074e-8
belch,1.274190491243989e-7
belie,3.6041527381021475e-7
belle,6.047617870309289e-7
belly,5.996685469256092e-6
below,0.0001382174155411011
bench,0.000010000150255377357
bends,2.402857172770431e-6
beret,1.902873888744564e-7
berry,1.6400882862424126e-6
berth,1.767446111389142e-6
beryl,3.291612852363392e-7
beset,2.3236343510025414e-6
besom,6.325990329290188e-8
betel,4.1067969687257123e-7
bevel,9.613986977338292e-7
bezel,1.184247305119198e-7
bible,9.000692132989361e-7
biddy,3.3658187621557236e-8
bidet,3.916009133824084e-8
bight,2.836536377762784e-7
bigot,2.3676187615965829e-7
bijou,3.321732327734752e-8
bilge,4.301868318395418e-7
billy,2.2170263407929447e-7
binge,5.701952995457695e-7
bingo,4.705493799600992e-7
biota,5.833437525795234e-7
biped,1.30918473240743e-7
birch,2.3041382905233133e-6
birth,0.000040972019992440625
bison,8.98993476032168e-7
biter,6.554927516334104e-8
bitty,6.856043427895843e-8
black,0.00011521884540732342
blade,0.000010887610089871022
blahs,1.3354761520143815e-8
blame,0.000013129778331980815
bland,1.219236593889549e-6
blank,0.000013695092209073644
blare,1.7764668642946916e-7
blase,8.5909571496817e-8
blast,8.57415009257932e-6
blaze,2.2928055924300927e-6
bleak,2.116704805439238e-6
blear,5.243928257860923e-8
bleat,1.314611609768821e-7
bleed,1.8550287876684961e-6
bleep,5.462774245888534e-8
blend,4.96969958615539e-6
bless,5.55440853715631e-6
blimp,8.599037916379464e-8
blind,0.00002074761095691342
blini,9.86344485455353e-9
blink,1.1645442552178522e-6
bliss,2.89758003955186e-6
blitz,2.584301004059153e-7
bloat,1.77089316419369e-7
block,0.0000381225729936396
bloke,4.674162215335884e-7
blond,2.6183874046774725e-6
blood,0.00011144554560742305
bloom,5.4474385275609936e-6
blown,7.062186617614843e-6
blowy,1.409870373173025e-8
blues,2.7281375945402406e-6
bluff,2.123331538131467e-6
blunt,3.6337024866960467e-6
blurb,1.5546594860453207e-7
blurt,1.738869887633387e-7
blush,2.5283396972829013e-6
board,0.00011408483189085153
boast,3.901908570153185e-6
bobby,1.3144588404424252e-7
boffo,8.106929806191785e-9
bogey,2.2566497484112424e-7
boggy,3.1111573874356067e-7
bogus,6.814847028592735e-7
bolus,6.958462231459886e-7
bonce,5.828532495171271e-9
bones,0.00001781197233903988
bongo,5.778821722181448e-8
bonny,3.22139926205683e-7
bonus,6.5012845218020275e-6
booby,3.2257065902824846e-7
boost,3.996867215829205e-6
booth,2.694753470824962e-6
booty,1.2011424656286327e-6
booze,6.322690282131882e-7
boozy,5.633731928252025e-8
borax,8.273773606774898e-7
bored,4.318802073447907e-6
borer,1.1341297408969191e-6
boron,2.4468874547865284e-6
bosom,5.382029314741183e-6
boson,4.4330714964618746e-7
bossy,2.2002746901377802e-7
botch,7.495987349405865e-8
bough,7.142897972812473e-7
bound,0.000054471291155708925
bowed,5.279587040627231e-6
bowel,4.2515158084970724e-6
bower,7.829250754911714e-7
bowls,2.728651254241689e-6
boxed,1.0316981385837343e-6
boxer,6.735824191852004e-7
brace,2.0203734552016007e-6
bract,2.7339380275773557e-7
braid,1.0982368445743834e-6
brain,0.00004259137563060794
brake,7.341779805217742e-6
brand,0.000012652877274570825
brash,3.7310709832906684e-7
brass,0.000010337241253630374
brave,0.000010569940253161813
bravo,1.361356379314937e-7
brawl,4.2511407052275366e-7
brawn,2.185014146965536e-7
braze,1.0418847638734948e-7
bread,0.00002278271159961921
break,0.00004429286047507053
bream,2.5510015328735283e-7
breed,8.008386955702034e-6
breve,1.830525305681488e-7
bribe,1.7663032430183767e-6
brick,0.000015568613934975947
bride,7.148759229063236e-6
brief,0.000044781359964413166
brier,1.2896752176106255e-7
brill,4.4853477521150164e-8
brine,2.644075543320687e-6
bring,0.00009886332510074101
brink,1.9027356590818986e-6
briny,1.4561251365115817e-7
brisk,2.2816679655054236e-6
broad,0.00005196796293024753
broil,2.2136373849439555e-7
broke,0.000024557685305494527
bronc,5.839869352450812e-8
brood,3.37076604482243e-6
brook,3.153014595974369e-6
broom,1.7000945313942915e-6
broth,2.6574393640348336e-6
brown,0.0000423700908413992
bruin,3.0433479516636605e-8
bruit,2.3397585707923036e-7
brunt,9.10601181006258e-7
brush,0.000011242804914789198
brute,2.4953715585971957e-6
buddy,1.372743656133443e-6
budge,6.654438904972695e-7
buggy,1.2918652013281998e-6
bugle,5.85279976911639e-7
build,0.00004417366306984434
built,0.00008443078023398819
bulge,1.1478748528617579e-6
bulgy,2.155830473377838e-8
bulky,2.049982435811775e-6
bully,1.2776341506676632e-6
bumpy,3.916211145281712e-7
bunch,5.6791444870314254e-6
bunny,2.959035872603936e-7
burgh,9.243482417778504e-7
burly,6.940965718445506e-7
burnt,7.875934629952452e-6
burro,1.9081848689783878e-7
bursa,4.918170540142881e-7
burst,0.000012747517989388616
busby,1.2565717155503294e-8
bushy,1.0067094757987449e-6
busty,3.088989804144159e-8
butte,1.204412141676717e-7
butty,2.28982458356769e-8
buxom,2.1959191191348784e-7
buyer,0.000011866310392053471
bylaw,3.358130600605253e-7
byway,8.85361673899445e-8
cabal,2.4846357589883535e-7
caber,1.405579699403485e-8
cabin,8.943145120804922e-6
cable,0.000019234061770597988
cacao,7.71786561147367e-7
cache,2.221289227650609e-6
caddy,1.374293108111837e-7
cadet,1.118896376888093e-6
cadge,2.1504024822313432e-8
cadre,1.1299613514852492e-6
cagey,8.28059238683425e-8
cairn,4.3822500365993894e-7
calla,6.85037302686628e-8
calve,9.720334623602066e-8
calyx,1.8968298187843918e-6
camel,2.3051645035582515e-6
cameo,3.3678315535844855e-7
campy,4.9607649133252226e-8
canal,0.000018925640194419323
candy,3.5597764529424067e-6
canny,3.0164774376280825e-7
canoe,3.5471464591743346e-6
canon,3.9821551318574884e-6
canto,5.34949279794843e-7
caper,2.3640060033506e-7
capon,1.1834856472649271e-7
carat,3.193432117864952e-7
cards,0.00002110354906195413
caret,1.050676700130215e-7
cargo,0.000015522791881446522
carob,1.0993584471391571e-7
carol,3.0918279638001995e-7
carom,2.179678368370188e-8
carry,0.00007231212705549314
carve,1.0964835086005228e-6
cased,5.403702840892016e-7
caste,5.818310210386404e-6
catch,0.00002332161201318328
cater,1.4040920712455283e-6
catty,9.71076687220964e-8
caulk,7.865016508686967e-8
cause,0.00016441947096838187
cavil,3.003394522863573e-7
cease,0.000014283473944708168
cecal,1.3370435213344956e-7
cecum,3.664507707801332e-7
cedar,2.7709753754628632e-6
cello,8.017991261896866e-7
chafe,2.0804743750374392e-7
chaff,1.153334440308336e-6
chain,0.000033024661088219006
chair,0.00003269232931961676
chalk,3.7555186497943387e-6
champ,2.755522818953415e-7
chant,1.8492857919210137e-6
chaos,6.350773819227709e-6
chard,2.122493968955957e-7
charm,8.608101583128439e-6
chart,0.000015828440695995123
chary,2.0376138021255286e-7
chase,4.92438669408042e-6
chasm,1.1694363111821062e-6
cheap,0.000012986646674483336
cheat,1.8434268419721792e-6
check,0.00004820182468268781
cheek,9.359161039664972e-6
cheep,3.925876808188622e-8
cheer,3.77112126642042e-6
chert,1.588404372021368e-6
chess,2.275398412413391e-6
chest,0.000023412117987152528
chewy,1.2362912797781876e-7
chick,2.3958305047268717e-6
chide,2.9211573938267704e-7
chief,0.00006951408340749409
child,0.0001570279543402777
chili,7.957662323599967e-7
chill,4.160217385263754e-6
chime,5.410439422535617e-7
chimp,1.2728731953404886e-7
china,2.7391118957293278e-6
chine,3.0905814655774704e-7
chino,2.4261024215932553e-8
chips,5.192048086301255e-6
chirp,3.5885326896289e-7
chive,3.4194722571958693e-8
chock,2.4652196563665177e-7
choir,4.072116663327479e-6
choke,1.6970921378996906e-6
chomp,3.369171640807984e-8
chord,3.7276613500407504e-6
chore,6.875519507584806e-7
chuck,1.0977534459917675e-6
chuff,1.7998264264531945e-8
chump,8.030511015680214e-8
chunk,1.1463085216502672e-6
churl,1.1587210013168354e-7
churn,7.414930458936195e-7
chute,1.499303131500826e-6
chyme,1.1864161272439251e-7
cider,1.5173667605477118e-6
cigar,3.3164826121196696e-6
cinch,2.0976061401679957e-7
circa,1.8252611857266023e-6
cissy,5.731560582777344e-9
civet,1.0726987611917832e-7
civic,7.71498069053041e-6
civil,0.00006135894360984196
clack,1.799591294326221e-7
claim,0.00009818817749665584
clamp,2.852739520838319e-6
clams,1.0727287386810505e-6
clang,4.220613801361289e-7
clank,1.7114126495223594e-7
clash,2.818997726705724e-6
clasp,1.3750511791758794e-6
class,0.00016218279487702496
clean,0.00003448821644493333
clear,0.0001412893580716808
cleat,2.1209378736131375e-7
cleft,2.550974860926047e-6
clerk,0.000029487475666144447
clews,3.111469438902524e-8
click,0.000010953492914790258
cliff,4.505508395912897e-6
climb,7.780675994693688e-6
clime,5.764055508266673e-7
cling,2.390002319340025e-6
clink,2.6499545023318025e-7
cloak,4.255885624974045e-6
clock,0.000013558917301691047
clomp,1.709686436394466e-8
clone,1.509432308001531e-6
close,0.00013271674449776095
cloth,0.000022944075172905894
cloud,0.000015131280868370175
clout,6.90238749760947e-7
clove,7.411091521310491e-7
clown,1.3079428106349578e-6
cluck,9.54209702200629e-8
clump,1.1034033362586383e-6
clunk,7.780935252132686e-8
coach,9.189969664006177e-6
coast,0.00003958087426972383
cobra,4.0167446199274364e-7
cocci,3.5911701648084216e-7
cocky,3.6623282238765367e-7
cocoa,3.125471912066168e-6
coder,2.795470544292845e-7
codex,4.062013019258615e-7
colic,9.9306259857746e-7
colon,4.531984572877609e-6
color,0.00006036671597937913
combo,3.361264565850617e-7
comer,1.1512354761869796e-6
comet,1.8924252725201215e-6
comfy,2.0732216889370127e-7
comic,5.7510075691546965e-6
comma,1.8276820591343895e-6
conch,4.618529426169106e-7
condo,5.124529006193989e-7
conga,5.653721934145519e-8
conic,8.157759250127596e-7
copra,7.115586754675062e-7
copse,3.36102411753569e-7
coral,4.020959839909488e-6
cords,3.5444338145746593e-6
corer,8.404402824028876e-8
corgi,1.4998823352910865e-8
corny,1.803222136151168e-7
corps,9.707307535869324e-6
costs,0.00012479955376454044
couch,5.239716866146763e-6
cough,4.884782869799811e-6
count,0.00002921138620289409
coupe,3.640281914525442e-7
court,0.00024704386545315187
coven,1.784834192632125e-7
cover,0.00006958955804735073
covet,5.183017269550583e-7
covey,1.4593491198663593e-7
cower,1.6263540990713293e-7
coyly,1.7492482217073704e-7
coypu,1.4625448625279947e-8
cozen,6.502035230271772e-8
crabs,1.5997010602828217e-6
crack,0.00001133304238175305
craft,0.000012004453851116735
cramp,5.42146629235686e-7
crane,3.4099894041590534e-6
crank,3.31192862574133e-6
crape,2.3129241781905556e-7
crash,6.083515309044588e-6
crass,3.4678927112849183e-7
crate,1.1782785470505863e-6
crave,1.076512279791036e-6
crawl,2.2771899246817813e-6
craze,6.873982134857809e-7
crazy,8.077725560245583e-6
creak,4.5526863043832243e-7
cream,0.000016351297821944698
credo,3.9321663205239575e-7
creed,4.442579257828552e-6
creek,7.047349774069356e-6
creel,1.9755804433883557e-7
creep,4.9710118282474425e-6
crepe,4.761664078330429e-7
cress,2.1852741291817026e-7
crest,5.835236341083583e-6
crick,7.367918532603975e-8
crier,2.4882889423871336e-7
crime,0.000040156835352725225
crimp,2.657886184645221e-7
crisp,2.693563668767409e-6
croak,2.6356473084529443e-7
crock,2.3676277164410646e-7
croft,2.2432921445203012e-7
crone,1.8989512476695683e-7
crony,1.4584106990011613e-7
crook,9.562057052437074e-7
croon,7.279885904941392e-8
cross,0.00007531055412044944
croup,4.703479789093148e-7
crowd,0.000020435011983156848
crown,0.00001860497509062651
crude,0.00001586824812469564
cruel,9.922580496169479e-6
cruet,4.7404870420565555e-8
crumb,4.83826629227409e-7
cruse,5.1384380576524135e-8
crush,3.6438577656897817e-6
crust,5.430619144770076e-6
crypt,7.838554470251379e-7
cubic,0.000015718437802708326
cubit,2.8648460991292073e-7
cumin,4.481353570447471e-7
cupid,7.297763502438628e-8
cuppa,5.496709741609926e-8
cured,7.600787859300099e-6
curie,1.2490383902625875e-7
curio,1.3944828839375693e-7
curly,1.5151637860462025e-6
curry,9.406350383885328e-7
curse,5.877671783673594e-6
curve,0.000035076158129641584
curvy,1.335690078120556e-7
cushy,8.503437748637055e-8
cycle,0.000034644189502742826
cyder,5.090656253969998e-8
cynic,3.5194511150402073e-7
dacha,8.526698163330609e-8
daddy,1.575205425687096e-6
daily,0.00006476061320620654
dairy,0.000012292694229229948
daisy,5.890782393951318e-7
dally,4.6332387456077284e-7
dance,0.000020863193703248123
dandy,5.817368520508341e-7
darts,1.0128263170718376e-6
dated,0.00003622255949747516
datum,1.8749924869843888e-6
daunt,1.327078265655479e-7
davit,1.2027345350165824e-7
dazed,1.1068497206654791e-6
deary,4.351840988467802e-8
death,0.00017024356739333467
debar,2.587073763048257e-7
debit,1.996161958608878e-6
debug,3.6319753459934884e-7
debut,1.9819571176923148e-6
decaf,4.8573894620661805e-8
decal,1.3769341547945666e-7
decay,0.000013451238013799147
decor,9.788979211504284e-7
decoy,4.7423109898145696e-7
decry,3.2470539552370964e-7
deeds,0.000012333926921984348
defer,2.6479933898209138e-6
degas,2.0043814822188383e-8
deify,7.030836093876944e-8
deign,3.5561898639065396e-7
deism,1.4903995391758203e-7
deist,8.934770260924196e-8
deity,3.623393257855178e-6
delay,0.00003278896635416952
delft,3.168498597400761e-8
delta,3.974010941039064e-6
delve,6.202615276826781e-7
demob,1.1985356799457372e-8
demon,3.4033531911322642e-6
demur,4.7527468679362514e-7
denim,5.255921326679223e-7
dense,0.000012335987493397984
depot,4.1386927401309684e-6
depth,0.00004838862489320095
derby,2.110439842815896e-7
deter,3.411717454583038e-6
detox,1.2366868916552326e-7
deuce,3.9668670567704386e-7
devil,9.845190855108677e-6
dhoti,8.208268376239378e-8
diary,5.7205488185644665e-6
dicey,6.913626857312805e-8
digit,4.313149144886319e-6
dimer,8.79625504955181e-7
dimly,1.7627801786098016e-6
dinar,1.5881135738399045e-7
diner,7.236622217959508e-7
dingo,9.06662717285121e-8
dingy,9.346754383916376e-7
dinky,6.34482092341435e-8
diode,2.737633904246412e-6
dirge,3.241815829434475e-7
dirty,9.545923602710147e-6
disco,5.406266754621193e-7
dishy,1.1201398822804665e-8
ditch,5.72885435457995e-6
ditto,2.4173449223783186e-6
ditty,2.63354195129461e-7
divan,3.817573353255318e-7
diver,1.110624901503073e-6
divot,3.00591129403933e-8
divvy,3.048232045540976e-8
dizzy,1.35537785624022e-6
dodge,7.419437981611024e-7
dodgy,1.1965988351703786e-7
doggy,1.1753439752371026e-7
dogie,4.707285266393854e-9
dogma,2.2108996789649367e-6
doily,6.816685230996334e-8
doing,0.00010688505130729468
dolly,3.0980797243978326e-7
dolor,1.631986888734723e-7
domed,6.59001574999037e-7
donor,8.03669917846332e-6
doped,1.9969863821541465e-6
dopey,6.798067362098156e-8
dosed,3.754522642826482e-7
dotty,5.840368218395379e-8
doubt,0.00008279202209476088
dough,3.4745164988865795e-6
douse,1.0162235583639393e-7
dowdy,1.308048657568875e-7
dowel,3.841358546069925e-7
dower,1.9979417252173326e-6
downy,8.082519839800184e-7
dowry,1.2549004984431498e-6
dowse,1.146565710650248e-8
doyen,1.0845978524235094e-7
dozen,0.0000191282146594807
draft,0.00002525858232876171
drain,9.759458535145406e-6
drake,1.5514930747674467e-7
drama,0.000014061659459357173
drape,3.961099232816527e-7
drawl,3.1337692252889105e-7
drawn,0.00006099037289053665
dread,5.809888270540385e-6
dream,0.00002490033599408462
drear,2.3569087046329756e-7
dregs,5.500310129613837e-7
dress,0.000024183031759297515
dried,0.00001800882040777148
drier,1.7006576040997053e-6
drift,0.000010233195197380839
drill,0.00001023918707627208
drink,0.000027374861898682913
drive,0.000042112528952053185
droll,4.449061156104697e-7
drone,9.387997177421742e-7
drool,1.6406316928111524e-7
droop,5.638034606778139e-7
dross,5.264757452010163e-7
drove,0.00001615180734755777
drown,1.6428075008823191e-6
drunk,8.544123476057783e-6
drupe,1.130630258965729e-7
dryad,3.8571091005435716e-8
dryer,1.5102973859480949e-6
dryly,6.654407186012824e-7
ducal,4.367411730402031e-7
ducat,9.54740579849674e-8
duchy,7.797555142178343e-7
ducky,3.326664433351785e-8
dully,3.1636770851706117e-7
dummy,2.265798815395572e-6
dumps,1.0628429859096575e-6
dumpy,1.2518162381448705e-7
duple,8.110138754674084e-8
durum,3.7721352004406084e-7
dusky,1.8403693656066591e-6
dusty,3.048389772650553e-6
duvet,1.5890304190424178e-7
dwarf,3.114179304549848e-6
dweeb,2.2344513726139888e-8
dwell,7.166571501076121e-6
dying,0.000016777736157915807
eager,0.00001079014832478657
eagle,3.86497389424201e-6
eared,6.058027709172234e-7
early,0.0001957855221565291
earth,0.00007790162202886635
eased,2.8496663580477347e-6
easel,6.235472277771419e-7
eater,7.580603796805013e-7
eaves,8.954517129386728e-7
ebony,7.05317956064674e-7
eclat,1.0747058342069425e-7
edema,3.6056475995737045e-6
edged,3.6171004552868834e-6
edger,8.643475928614335e-8
edict,1.567307645532863e-6
edify,1.6692837101910302e-7
educe,5.35059379130661e-8
eerie,9.856329522011877e-7
egret,9.975070022084006e-8
eider,1.1517715430125544e-7
eight,0.00008132037604619637
eject,5.815504770795484e-7
eland,1.3895379248512875e-7
elate,1.1148019921807546e-7
elbow,5.677802913031164e-6
elder,8.039487779976355e-6
elect,0.000010955159686736569
elegy,5.202303701694482e-7
elfin,1.6358263522985561e-7
elide,6.031441733586722e-8
elite,7.979443776515716e-6
elope,1.4356908975126673e-7
elude,8.028513292079562e-7
elver,1.0188327659676252e-8
elves,5.265726246852629e-7
email,4.253848703960713e-6
embed,4.566963401394272e-7
ember,3.23596552100391e-7
emcee,6.949554600978916e-8
emend,1.3796257869562055e-7
emery,5.744560214740982e-7
emote,2.9693797349299658e-8
empty,0.000026280235163202743
enact,5.601136574402455e-6
ended,0.000033959858828299985
endow,7.896586524982862e-7
endue,3.787084294806548e-8
enema,6.257412843972905e-7
enemy,0.000045764753992991175
enjoy,0.000027473336631638915
ennui,3.720933397388413e-7
ensue,1.8026154807924249e-6
enter,0.000055525781674601635
entry,0.00004344315260525909
envoy,1.5623422286886659e-6
epoch,4.426171276947763e-6
epoxy,1.996233682251124e-6
equal,0.00010045529546873967
equip,2.9481812483029063e-6
erase,1.4334750096908566e-6
erect,9.861963053073072e-6
ergot,4.841269679860049e-7
erode,8.126781035066295e-7
error,0.00006600384453709476
erupt,5.296512526544908e-7
essay,0.00001394529828514428
ester,2.9907469814901298e-6
ether,8.839167686482399e-6
ethic,2.1396909682580163e-6
ethos,1.6988437544702573e-6
ethyl,3.645841332597394e-6
etude,1.9452248843206356e-7
evade,2.3487411964095718e-6
event,0.00006618566022284848
every,0.00033795480646564644
evict,2.8586575683629904e-7
evoke,2.0357413880395425e-6
exact,0.000028788012315445883
exalt,8.664183259283648e-7
excel,1.7030876226657017e-6
exert,6.198292177939284e-6
exile,6.528388042233101e-6
exist,0.00005561458050632273
expat,5.949258616325254e-8
expel,1.6451978641153854e-6
extol,3.679387438096263e-7
extra,0.000035605368413450174
exude,2.4075613186615894e-7
exult,2.585663490281839e-7
fable,1.8286082966123828e-6
faced,0.00002281821265995003
facet,1.957067684344809e-6
faddy,8.681691604395175e-9
faded,5.487480374495412e-6
faint,9.901921071645474e-6
fairy,4.5387027776799875e-6
faith,0.00006452047757683515
faker,5.4963459129603775e-8
fakir,1.017177614998966e-7
falls,0.00002371006661917238
false,0.00003737108485793443
famed,1.957961482798556e-6
fancy,0.000012832239349345294
farad,5.1863660871627586e-8
farce,1.7005075161940593e-6
fatal,0.00001476274779653284
fated,1.3136898221123574e-6
fatty,7.84766610248759e-6
fatwa,1.1006501216358973e-7
fault,0.00002650360210837342
fauna,4.970642855052479e-6
favor,0.00004233264265402489
fazed,6.486068464664549e-8
feast,7.171308054513167e-6
fecal,1.4229142450635602e-6
feces,1.6335833346071626e-6
feign,3.849323088856925e-7
feint,2.6207807960386815e-7
fella,3.981188563637801e-7
felon,6.820637966752182e-7
femur,2.0914855922183393e-6
fence,0.000010590677482452959
feral,5.149670123555637e-7
ferny,3.8043994903885777e-8
ferry,4.093408878478028e-6
fetal,5.319632903291567e-6
fetch,3.548745202606748e-6
fetid,4.437170732412495e-7
fetus,3.3434531350213844e-6
fever,0.00002065233876856619
fewer,0.000018119902524801758
fiber,0.000014728269892078228
fichu,3.398300663680464e-8
field,0.00017945958372437993
fiend,8.293400876726579e-7
fiery,3.681364683114123e-6
fifth,0.000027579956268798977
fifty,0.00004222880190196736
fight,0.00003782537484608078
filch,6.171223146501582e-8
filer,2.338819605316633e-7
filly,3.2352025323196886e-7
filmy,2.3249656023015416e-7
filth,1.6765923386398848e-6
final,0.0001001215481553417
finch,2.0897468907258097e-7
finer,5.6437515002811615e-6
finis,1.6735654822149815e-7
fired,0.000015609717440507162
first,0.0007837939249180336
firth,6.999584312451435e-8
fishy,3.065863970854388e-7
fitly,4.940286474720356e-7
fiver,9.931502444112468e-8
fives,3.5739243311522833e-7
fixed,0.00007515166624465656
fixer,2.1933485810442133e-7
fizzy,7.852282815317179e-8
fjord,3.514257674756284e-7
flack,4.348985303436206e-8
flail,3.145215044543167e-7
flair,7.466526073340345e-7
flake,1.0553177592555973e-6
flaky,3.302385217991122e-7
flame,0.000013347585499081473
flank,4.419144622781532e-6
flaps,1.8407597901861328e-6
flare,2.195347843075559e-6
flash,8.77320129113661e-6
flask,4.388234551719823e-6
flats,3.6082176769168736e-6
fleck,1.0436112685913252e-7
fleet,0.000015942590830681953
flesh,0.000020055799077605375
flick,7.087662910174233e-7
flier,2.9320216347884235e-7
flies,8.012822831361548e-6
fling,1.2822988613515352e-6
flint,2.4633245279611917e-6
flirt,5.51064201527251e-7
float,6.020022381702226e-6
flock,6.040909698899017e-6
flood,0.000019165858613688456
floor,0.00006467387042820291
flora,4.106795165820548e-6
floss,3.298773686742748e-7
flour,0.000013801484455527158
flout,2.0859608660364763e-7
fluff,3.190992907383318e-7
fluid,0.00003493252182260741
fluke,4.327672548645353e-7
fluky,9.019063689009465e-9
flume,6.409190618343942e-7
flunk,6.982247649164698e-8
flush,4.281889096771952e-6
flute,2.272906674069439e-6
foamy,2.694381583378988e-7
focal,6.711228551529714e-6
focus,0.00004797239178946105
foggy,7.519481663524626e-7
foist,1.3893149807118936e-7
folio,3.5646193829684635e-6
folks,7.07033553754882e-6
folly,5.411168956917313e-6
foray,4.357521686970138e-7
force,0.00015237958231647793
forge,2.4250777122996514e-6
forgo,5.818868177148995e-7
forte,7.575413465887352e-7
forth,0.00007204566028505629
forty,0.00003808096551400381
forum,6.459617436335156e-6
found,0.00042338095663875747
fount,4.330256943036016e-7
foyer,9.323416874337997e-7
frail,2.427114189333786e-6
frame,0.00003804115457153962
franc,1.3119848427257933e-6
frank,4.016014531810928e-6
fraud,0.00001739051495869454
freak,1.169595222643477e-6
fresh,0.00004725596417574484
friar,9.391635192756803e-7
fried,2.4219804185461437e-6
fries,6.532458493214928e-7
frill,2.3058772952760147e-7
frisk,1.8011123116110477e-7
frizz,2.403564679231632e-8
frock,9.824992658915093e-7
frond,4.3375794310700593e-7
front,0.00009988297313900928
frost,5.947320101386989e-6
froth,7.803105352178591e-7
frown,2.3366679044142525e-6
fruit,0.00004125584425347727
frump,1.7902620346287705e-8
fryer,1.3679925201923182e-7
fudge,3.346222405536252e-7
fugal,8.756172381588973e-8
fugue,4.4833294197636664e-7
fully,0.00008028866224542639
fumed,3.167176067526504e-7
fumes,2.622526634620077e-6
funds,0.00009131582145974272
funky,2.629119366747681e-7
funny,7.549954742146349e-6
furor,3.2829482674933253e-7
furry,4.888134452239787e-7
furze,2.1379908233823945e-7
fused,4.251813759672864e-6
fusee,7.164383616192585e-8
fussy,4.742180497902319e-7
fusty,5.1151002470212586e-8
futon,8.626567056071889e-8
fuzzy,3.494380105613464e-6
gabby,1.311166504032299e-8
gable,8.417499092541049e-7
gaffe,6.611922546801385e-8
gaily,1.0588458515506308e-6
gamin,4.376607017023568e-8
gamma,5.9748521123280475e-6
gammy,7.710497166763718e-9
gamut,8.108438702529629e-7
gassy,1.246776916735016e-7
gator,8.096282604247747e-8
gaudy,8.00812844308863e-7
gaunt,8.755336939148064e-7
gauze,2.11049345985504e-6
gauzy,1.4570243894843467e-7
gavel,3.948614523660044e-7
gawky,8.72969027150422e-8
gecko,9.837332940583726e-8
gelid,2.431001317201871e-8
genie,2.994850967052985e-7
genre,5.425275270786302e-6
genus,0.000013446520535079207
geode,2.7050038895606832e-8
getup,4.685797953079247e-8
ghost,5.839886274986264e-6
ghoul,1.0142615803899261e-7
giant,0.000011507884752505988
giddy,9.246117740536505e-7
gimpy,1.3960744746217322e-8
girth,9.682634858213506e-7
given,0.000382781261069162
giver,1.2679115049915717e-6
glace,9.864357842282855e-8
glade,4.891458624364869e-7
gland,7.864857740942776e-6
glans,3.339952477770804e-7
glare,3.1597948255964293e-6
glass,0.00005946836707898235
glaze,1.728370583542418e-6
gleam,2.1035349186447e-6
glean,5.143532605142143e-7
glide,1.7362831520579545e-6
glint,6.465659761942933e-7
glitz,6.355931094434596e-8
gloat,1.781805144249047e-7
globe,7.48016564245749e-6
gloom,3.835857547316797e-6
glory,0.000020512706317725095
gloss,1.9856022537831837e-6
glove,2.2793125056936157e-6
glued,1.4587329326309044e-6
gluey,4.59669010161334e-8
gluon,3.256669687857188e-7
glyph,1.8310953508444337e-7
gnarl,8.237267676261677e-9
gnash,6.119022916321125e-8
gnome,1.7236251867936462e-7
godly,1.6592509109597628e-6
gofer,2.415612935785411e-8
going,0.00020790599195084534
golly,9.840615434083918e-8
goner,7.312191847508686e-8
goody,1.6942212619437657e-7
gooey,1.457988990047875e-7
goofy,2.268988544029873e-7
goose,2.5589379586113245e-6
gorge,1.8547245961272869e-6
gorse,2.7787279106828854e-7
gouge,3.618718904574236e-7
gourd,6.410594466876266e-7
gouty,4.0215075483710796e-7
grace,0.000023607951125080418
grade,0.00004433821465437622
graft,3.940897793883122e-6
grail,1.2623333823550284e-7
grain,0.000038156088777492734
grand,0.00002366799733059614
grant,0.000051326492241178404
grape,3.635930393528096e-6
graph,0.000012056041354442638
grasp,0.00001007933501544398
grass,0.000026460713108927883
grate,2.149016359158713e-6
grave,0.000021701044126547283
gravy,9.238685781556648e-7
graze,1.0391087674120558e-6
great,0.00041366811319845426
grebe,7.402413249257533e-8
greed,2.6990674507696815e-6
green,0.000058138251917577176
greet,3.1148962836701714e-6
grief,0.000010847513026650245
grill,1.2929614486680075e-6
grime,3.7388292203423545e-7
grimy,4.975546873090122e-7
grind,2.1498702037323053e-6
gripe,2.393086088634362e-7
grist,6.802228293831877e-7
grits,5.540994374889094e-7
groan,1.911802675268139e-6
groat,2.803536664559215e-7
groin,1.2135198038628922e-6
groom,2.120103471282344e-6
grope,3.610954380648987e-7
gross,0.000034063446589372744
group,0.00022401686348511393
grout,7.34741520661596e-7
grove,2.7876116650307546e-6
growl,9.982363531828207e-7
grown,0.00004077925742693328
gruel,4.14034007204648e-7
gruff,5.044877754576902e-7
grump,1.691567399215748e-8
grunt,7.680599613746979e-7
guano,6.969000724772228e-7
guard,0.000023979660137315822
guava,2.1862635473771183e-7
guess,0.000019944301834494933
guest,0.00001083539305179464
guide,0.00003605810431411866
guild,1.3842255097671661e-6
guile,5.405950515890233e-7
guilt,0.000012684507673227946
guise,2.3199940918328236e-6
gulag,5.9040563731525435e-8
gulch,2.690676131064899e-7
gully,8.9842229789752e-7
gumbo,1.6210105559406478e-7
gummy,3.190547228120019e-7
gunny,1.7248298964822937e-7
guppy,5.025121227246109e-8
gushy,2.031089973786704e-8
gusto,5.41604028438531e-7
gusty,2.0877989804046366e-7
gutsy,9.338478510986983e-8
gypsy,1.0004490671535624e-6
habit,0.000019302383893506308
haiku,2.3660590560227218e-7
hairy,2.8190353741736958e-6
halal,8.979613825029371e-8
hallo,4.249273468550777e-8
halon,4.414587699081531e-8
halve,2.0070563922534235e-7
hammy,1.703416144535612e-8
hands,0.00012466794424010718
handy,3.3660641270559176e-6
haply,3.3064767186832093e-7
happy,0.00004831848615447145
hardy,3.5615498594131927e-6
harem,7.262000333525477e-7
harpy,8.987294202890568e-8
harry,1.7221843556808128e-7
harsh,7.936045589113083e-6
haste,5.010145116288151e-6
hasty,3.347541070847732e-6
hatch,2.936364963022272e-6
hated,7.928634559551346e-6
hater,2.3570559241671208e-7
haunt,1.765882595309576e-6
haven,2.1211527151636944e-6
havoc,1.710291053718771e-6
hazel,1.0280872541449274e-6
heads,0.000034097410127111616
heady,6.951881042357257e-7
heaps,2.124821586409071e-6
heard,0.0001108459178201561
heart,0.00012701139521431742
heath,1.1696414204282684e-6
heave,1.0748577990652512e-6
heavy,0.00007204747941070866
hedge,4.173864341420278e-6
hefty,6.012201322758756e-7
heist,9.49168959392475e-8
helix,1.6863303452303192e-6
hello,1.465332848981834e-6
helot,2.4368950691841124e-8
helve,3.4345464476102406e-8
hence,0.00003221030469279898
henna,1.4503030901306922e-7
heron,4.867510397244431e-7
hertz,2.23727975671912e-7
hewer,4.329446268854856e-8
hexed,1.388926440057709e-8
hiker,1.6798462969915122e-7
hilly,1.729348609469188e-6
hinge,2.6805718131515058e-6
hippo,1.3762209173522613e-7
hired,0.000012028785660649795
hirer,2.2378606991527606e-7
hitch,1.1862024669385225e-6
hives,1.1771611563029998e-6
hoard,1.189802546309397e-6
hoary,7.497699052669517e-7
hobby,1.9904052529112453e-6
hogan,8.753603912772172e-8
hoist,1.7646728566720938e-6
hokey,4.9137297451655084e-8
hokum,5.004035723912779e-8
holey,3.839466191770158e-8
holly,6.520040049865076e-7
homer,1.6091721938205462e-7
homey,2.1071270499802726e-7
honey,0.000010251433136764921
honor,0.00002683025965060301
hooch,6.203152564867318e-8
hooey,2.163504391083363e-8
hooks,3.4586000974309857e-6
hooky,5.262344241485687e-8
hoops,9.14251060345289e-7
horde,7.508368534034029e-7
horse,0.00004583208824633993
hotel,0.000021946673153831128
hotly,1.0068755073011529e-6
hound,1.323644816576484e-6
houri,2.5793131534470987e-8
hours,0.00013784207128935837
house,0.00019537109330747092
hovel,3.4253843521803833e-7
hover,9.890285996177342e-7
howdy,3.7393128895090556e-8
hubby,8.019596346703266e-8
huffy,4.882344313579311e-8
hullo,2.8289041445409733e-8
human,0.0001892978745515588
humid,2.3224406752847274e-6
humor,7.764929313756837e-6
humph,2.488004122268779e-8
humus,1.4434817522811352e-6
hunch,6.261421992938021e-7
hurry,7.065903677619223e-6
husky,8.687482889481981e-7
hutch,1.588272681266383e-7
hydra,2.4647397356471196e-7
hyena,2.80238797870779e-7
hymen,1.962526400660699e-7
icily,1.287723319359854e-7
icing,1.2176262058288163e-6
ictus,7.511438367547073e-8
ideal,0.00003180594510222044
idiom,1.8131220276855404e-6
idler,4.580129757171991e-7
idyll,2.608811412315279e-7
igloo,1.24078663348039e-7
ileum,7.631536607071172e-7
ilium,4.059466235411078e-7
image,0.000059443034348767496
imago,3.5165961480913827e-7
imbue,2.2583414386252102e-7
impel,4.0685911832463507e-7
imply,0.000010972402729033725
inane,2.8757956257086e-7
inapt,7.8259894603571e-8
incur,3.5712900123267622e-6
index,0.00004945594418649929
indie,2.13790036752671e-7
inept,6.366255619663806e-7
inert,3.554459614680779e-6
infer,4.835299733737774e-6
infix,7.58682505763146e-8
infra,5.083429175475106e-6
ingot,1.320298663755213e-6
inlay,4.4732347961946794e-7
inlet,6.7256369197236145e-6
inner,0.000036451904358593465
input,0.00003347003000783827
inset,9.427924562008242e-7
inter,0.00001680414058605225
inure,4.132738247408283e-7
ionic,3.929331647339594e-6
irate,4.3851915225543727e-7
irons,1.9827543169138657e-6
irony,4.417366416963958e-6
islet,9.542543696775612e-7
issue,0.00013677630008316268
itchy,2.8795445787101997e-7
ivied,4.7910807221158284e-8
ivory,3.7313233496955547e-6
jabot,2.08240591075086e-8
jacks,9.306399570095755e-7
jaded,4.7100726691801925e-7
japan,4.1644516432976785e-7
jaunt,2.2700742578424948e-7
jawed,2.0649631683765688e-7
jazzy,9.597074113753425e-8
jelly,2.2770453584047708e-6
jemmy,1.5739626273467787e-8
jenny,1.2647002776352287e-7
jerky,5.183287543209311e-7
jetty,1.1078205166085242e-6
jewel,1.936608374064977e-6
jiffy,1.1566253486222667e-7
jihad,5.122323768640421e-7
jimmy,7.454316088684382e-8
jingo,5.959021441125022e-8
jinks,6.001914792142712e-8
joint,0.000058486790670158004
joist,3.168735220302924e-7
joker,2.681089764411535e-7
jolly,1.7206032326309715e-6
joule,1.7255137174127807e-7
joust,1.218484071505727e-7
jowly,2.417575290088147e-8
judge,0.000057020192896065345
juice,0.00001140523817813251
juicy,1.0802949642565305e-6
julep,5.003398402394303e-8
jumbo,3.9718683399241993e-7
jumpy,2.1479709596096334e-7
junco,3.3015267227308674e-8
junta,6.937385986392033e-7
juror,2.462148013624435e-6
kabob,1.1659302334346864e-8
kapok,1.1938757683217923e-7
kappa,3.393677098145781e-7
kaput,2.636095163763289e-8
karat,1.1341209270093595e-7
karma,9.41980435342685e-7
kayak,3.081746019694655e-7
kazoo,2.3466178544781287e-8
kebab,7.29983480742326e-8
ketch,2.0745431516938198e-7
keyed,1.2413432045865217e-6
khaki,7.471909797563466e-7
kinda,6.760882108697866e-7
kiosk,3.3894419369237014e-7
kitty,2.765550178066586e-7
klutz,3.911588468192656e-8
knack,7.529092021295298e-7
knave,6.925964762108018e-7
knead,2.628600092637114e-7
kneel,1.24363691960983e-6
knell,4.359434272683898e-7
knife,0.000013714492200302444
knish,7.020031345135163e-9
knock,5.772863742672317e-6
knoll,5.930823387145093e-7
known,0.00022956069254628602
koala,7.687468628331274e-8
kooky,3.8913381448960276e-8
kraal,3.2893340219710983e-7
krill,2.598587271348941e-7
krona,7.560192576035005e-8
krone,1.237513892286728e-7
kudos,1.2952759679040904e-7
kudzu,8.604298768957319e-8
label,0.000014089158323466989
labor,0.00009549849480670208
laced,1.4823078114940185e-6
laden,4.290960515967432e-6
ladle,8.370001660030802e-7
lager,3.056538546319735e-7
laird,4.1528211189926225e-7
laity,1.6268566564530834e-6
lanai,4.7515231650583994e-8
lance,2.1457380176477606e-6
lanky,3.5018444385820896e-7
lapel,3.4974863796182523e-7
lapin,2.0300702324793115e-8
lapse,5.156512950132453e-6
larch,7.052820288053692e-7
large,0.0003442441412643979
largo,4.6417934200961426e-7
larva,3.0894803403764617e-6
laser,0.000014503700292450437
lasso,2.1180724897456298e-7
latch,2.0736681529289603e-6
later,0.00019571530812286366
latex,1.6909457583950684e-6
lathe,1.7378312264956848e-6
latte,1.5770793825819204e-7
laugh,0.000015170450799946375
laxly,4.8291304767543904e-8
layer,0.000043397579265475164
layup,8.554415550367523e-8
leach,6.143023700790992e-7
leafy,1.6741820158166644e-6
leaky,7.87709517589845e-7
learn,0.00005678620936492672
lease,0.000027768428026890054
leash,8.172005364856643e-7
least,0.00021564402591348338
leave,0.00010920570448080013
ledge,2.7221674351507144e-6
leech,4.3876932274295137e-7
leery,1.4820572238483417e-7
lefty,5.217431357935631e-8
legal,0.0000949641135951933
leggy,9.263587386432455e-8
lemma,1.1052598534225957e-6
lemon,4.952943737589646e-6
lemur,8.565811390118049e-8
lento,3.4145052417361306e-8
leper,6.14466250742255e-7
letch,1.0117429795960459e-8
letup,4.75074797802233e-8
levee,1.9866268162217495e-6
level,0.0002132723473697544
lever,8.626692404778975e-6
lexis,9.39970401274025e-8
libel,3.3696279448826033e-6
licit,1.8108373442544074e-7
liege,4.4064855361845773e-7
lifer,5.1669754391250547e-8
light,0.00019701036295029638
liked,0.000018267521258515192
liken,2.7330455455295004e-7
lilac,9.491927231774335e-7
limbo,5.793999471702958e-7
limey,3.8138557607610425e-8
limit,0.00005293190175131038
lined,9.658938289762957e-6
linen,6.296852245156021e-6
liner,2.831874596840905e-6
lingo,2.4183880216364115e-7
links,0.000016285847392523268
lipid,4.51496227811992e-6
lisle,4.011872168062097e-8
liter,3.3330864510116594e-6
lithe,4.978475278123959e-7
liven,1.4380734981248936e-7
liver,0.00002164681821957995
livid,7.261789979035714e-7
llama,2.496249280007371e-7
llano,2.295365787457897e-8
loads,0.00001273207951572289
loamy,1.0054236788177034e-6
loath,7.661746639439447e-7
lobar,3.260094039019902e-7
lobby,4.372859428254729e-6
lobed,1.312034216468513e-6
local,0.00020592938041437997
locum,2.3062387109685406e-7
locus,4.571961718872462e-6
lodge,5.435422459716991e-6
lofty,5.651496839358485e-6
logic,0.000019714714273382148
loins,1.0482074074713923e-6
lolly,4.9032574735824115e-8
loner,2.6314968885438827e-7
loony,1.1149579469845037e-7
loopy,5.938556259909573e-8
loose,0.000020430355242351898
lorry,8.808900823750457e-7
loser,1.205150164085752e-6
lotto,6.348765855385143e-8
lotus,1.3340342270421696e-6
lough,1.0716234422535852e-7
louse,6.530970603348006e-7
lousy,7.578165442792594e-7
loved,0.000030024997178448283
lover,0.000010654749457210425
lower,0.0001454938353261905
lowly,1.7453441446493195e-6
loyal,8.279369414430505e-6
lucid,1.8085989183686849e-6
lucky,7.850597884007676e-6
lucre,1.9813778833747706e-7
lumen,2.2013531140987744e-6
lumpy,4.752430152835085e-7
lunar,3.4537192785913073e-6
lunch,0.000013742292838971532
lunge,3.3147257535765507e-7
lupus,1.3316187915372128e-6
lurch,5.170498780496135e-7
lurid,7.722622505602646e-7
lusty,6.797902898354089e-7
lying,0.000029016387377789244
lymph,4.840963544148828e-6
lynch,2.3974942369349974e-7
lyric,2.2907682988612366e-6
macaw,7.760254120229638e-8
macho,4.4094645867092363e-7
macro,3.6941379907515875e-6
madam,2.2031117162913017e-6
madly,9.627366119189632e-7
mafia,3.0686502077767295e-7
magic,0.000012378227653998147
magma,1.5932530781978041e-6
maize,5.365906403853925e-6
major,0.0001405079105829302
maker,9.52496450434109e-6
mamba,3.113830677064917e-8
mambo,4.9524235503396206e-8
mange,2.7960703464772513e-7
mango,9.217331417846799e-7
mangy,1.445998943476909e-7
mania,1.618756306341245e-6
manic,1.035215986469565e-6
manly,2.7154586563582048e-6
manna,6.094968081675678e-7
manor,4.180541310416943e-6
manse,2.768789913343734e-7
manta,6.50930469565563e-8
maple,3.1010877803280893e-6
march,0.000013289513526786176
marge,7.447976093701424e-8
maria,1.5987994259759673e-7
marry,0.000014474810926094992
marsh,3.503229722932101e-6
maser,2.6232561130633397e-7
mason,9.940105094687987e-7
match,0.00001977220772890391
mated,1.1969078784312058e-6
mater,1.3491793372196696e-6
mates,2.483381592997653e-6
matey,3.8631254648371665e-8
matte,8.06733034138931e-7
matzo,4.155810497176148e-8
mauve,4.847352944511616e-7
maven,3.394779171286984e-8
maxim,2.6402997532662714e-6
maybe,0.000023269281028770503
mayor,9.64470485778086e-6
mealy,3.351960449357536e-7
means,0.0002751436895835735
meaty,3.094298418794285e-7
mecca,1.6447320894367502e-7
medal,3.892386681191783e-6
medic,3.506947880426692e-7
melee,2.8767818575472327e-7
melon,8.750920193049602e-7
mercy,0.000013220650786237786
merge,3.028465219065581e-6
merit,0.000017536273405523945
merry,4.201217987715844e-6
meson,8.630247540968514e-7
messy,1.1873940469734692e-6
metal,0.00006035012900695716
meter,0.00001175922632089066
metro,8.516179903685943e-7
mezzo,2.6945804568079684e-7
micro,7.0861778743439284e-6
middy,3.728691905562122e-8
midge,2.5230402471623935e-7
midst,0.000013434693206541301
might,0.00036177459035564353
milch,4.0459583239029275e-7
miler,3.597995239821123e-8
milky,1.0734497837631195e-6
mimic,1.6724945504737792e-6
mince,4.3267030220595125e-7
mined,4.251897001234031e-6
miner,2.8281253622108163e-6
mingy,4.822985741820339e-9
minim,1.7567174204809414e-7
minor,0.00003751153501177987
minty,4.910647986146394e-8
minus,6.6124700438776655e-6
mired,4.132227294737074e-7
mirth,1.7747844646029817e-6
miser,5.158842575450526e-7
misty,1.197998651069898e-6
miter,2.581052133563167e-7
mixed,0.000038472881177215085
mixer,2.2724788061484784e-6
mocha,9.130406961872089e-8
modal,2.8058732445256467e-6
model,0.0001348409918347919
modem,2.994974541160202e-6
mogul,1.4453812531399736e-7
moire,1.6240994850253036e-7
moist,7.157583293589501e-6
molar,3.4174676863430934e-6
moldy,2.5912844856042675e-7
molly,4.5018183648851e-8
momma,2.2269409766039215e-7
mommy,3.4890292035746666e-7
money,0.0001881949929812681
month,0.00010088756469992016
mooch,2.8524737856712732e-8
moody,5.878993918553631e-7
moose,1.163260344401266e-6
moped,1.4279431226825342e-7
mopes,1.7026289574529262e-8
moral,0.00005640811785195456
moray,4.0091481011645164e-8
morel,6.734135659187236e-8
mores,1.029567895095615e-6
mosey,2.893444505778477e-8
mossy,6.286407651394763e-7
motel,1.6044371390231939e-6
motet,1.7614596557449327e-7
motif,3.0193030519707758e-6
motor,0.00004966366096568548
motto,2.8934902986562228e-6
moult,4.64348668502148e-7
mound,3.822799375666343e-6
mount,6.858638805483045e-6
mourn,1.9033390225019207e-6
mouse,0.000010652304522721188
mousy,8.145531874030466e-8
mouth,0.000056804514065820673
moved,0.00007840645851144362
mover,1.493385704436173e-6
movie,0.00001117900683222947
mower,7.01015910426214e-7
moxie,2.21322238880263e-8
mucky,9.94534928812051e-8
mucus,2.1426818381919053e-6
muddy,2.9350964943347545e-6
mufti,1.370523767155551e-7
muggy,1.335843675507552e-7
mulch,1.0239037580440306e-6
mulct,7.051046879508277e-8
mummy,7.931045194543492e-7
mumps,5.355640918392002e-7
munch,1.2408561091648092e-7
mural,1.5301250613104246e-6
murky,8.466753477355277e-7
mushy,2.7966966975377857e-7
music,0.00006979846313254822
musky,2.0415661300200502e-7
mussy,1.6418886317038466e-8
musty,6.658938564577928e-7
muted,1.1138486658521756e-6
myrrh,3.725125066792652e-7
nabob,1.3887510339682343e-7
nacho,1.4194083493194813e-8
nacre,8.165494183267726e-8
nadir,4.1939604215281935e-7
naiad,3.4170372172965233e-8
naive,3.2386867160107854e-6
naked,0.000011393884705724806
names,0.00006814997107661199
nanny,5.049265573927608e-7
nappy,1.3457131869944588e-7
nasal,5.362272316212753e-6
nasty,2.695082842759585e-6
natal,8.832918956126323e-7
natty,7.366514872722575e-8
naval,0.000016906498027871707
navel,8.445244176829653e-7
navvy,7.452412476742531e-8
neath,4.0409932709663017e-7
needs,0.00011554124627584104
needy,3.443822713302838e-6
neigh,3.039410600556246e-7
nerve,0.000021643744161453605
nervy,7.541424547423223e-8
never,0.0002884258849445523
nevus,2.387730141930799e-7
newel,8.631423129045442e-8
newly,0.000021348320481426752
newsy,4.8544261282335975e-8
nexus,1.306878955010955e-6
niche,2.6947648861188416e-6
niece,3.233221618557526e-6
nifty,1.3272682991153396e-7
night,0.0001422621229651349
ninja,1.0474735762781761e-7
ninny,8.566600304140544e-8
ninth,8.506725987273678e-6
nippy,3.4957416089682426e-8
niter,9.203676729312265e-8
noble,0.000029447517145605806
nobly,1.3044727180204708e-6
nohow,5.979212546228982e-8
noise,0.00003293061670929388
noisy,3.8920047762454995e-6
nomad,4.0449972191070113e-7
nonce,2.0577972729411098e-7
noose,6.256817281582141e-7
north,0.0000759196449752657
nosed,9.429259501690592e-7
notch,3.3368331679091235e-6
noted,0.0000754999796143958
novel,0.000031671581473317496
nubby,2.2925053774215654e-8
nudge,4.6646595394876754e-7
nurse,0.000017370457391691838
nutty,2.3861784666981986e-7
nylon,2.146380461283742e-6
nymph,9.260014605198251e-7
oaken,3.212196268978321e-7
oakum,1.4394634810007803e-7
oasis,9.409719661747742e-7
oaten,6.14438768225319e-8
obese,1.551776710565868e-6
occur,0.00007389406060853061
ocean,0.000021429547944125312
ocher,1.806913066406319e-7
octal,1.597238666145464e-7
octet,2.3897914165558825e-7
oddly,1.6454856888165016e-6
odium,5.126707810206801e-7
offal,5.265882715049867e-7
offer,0.00007106627947656403
often,0.00023671656664482962
ohmic,4.337240810045556e-7
oiled,1.127462108047813e-6
okapi,2.6317559646996567e-8
olden,9.591421879534375e-7
older,0.00004770472851952546
oldie,2.5603981727582326e-8
olive,7.4090699868699334e-6
omega,6.510784069839971e-7
onion,4.044189737586449e-6
onset,0.000010217730119504413
oomph,4.339501045694026e-8
opera,9.254995013484168e-6
opine,1.596221737619734e-7
opium,4.375579243282437e-6
optic,4.7623170786307656e-6
orate,7.238969022742684e-8
orbit,8.099673679841331e-6
order,0.0003910046672714699
organ,0.000017782061644548912
oriel,9.372510465586343e-8
orris,8.138863414098917e-8
osier,1.2113248507993068e-7
other,0.001395587084867301
otter,1.037215852722452e-6
ounce,5.856963166458107e-6
outdo,3.2466624215701935e-7
outer,0.00002965063326677153
outgo,2.10676027628784e-7
outre,9.39763628019402e-8
ovary,3.1567383403328246e-6
ovate,2.4705098032966885e-6
overt,3.64642984070159e-6
ovoid,9.859341213630925e-7
ovule,3.5963805617074564e-7
owing,0.000024330678603120368
owlet,3.234181470324198e-8
owned,0.00004487925191456497
owner,0.000054656147752942266
oxbow,6.393339433374925e-8
oxide,0.00001652009216621109
ozone,4.309743752107439e-6
pacer,7.912879762759479e-8
padre,3.4382604622538814e-7
paean,1.80838382488355e-7
pagan,3.3623516998915306e-6
pager,2.0825115200446246e-7
pains,9.645711479348992e-6
paint,0.000015950283965270357
pally,4.7243015965484e-8
palmy,1.4246701210145326e-7
palsy,1.4705000835660348e-6
panda,1.6273901845869296e-7
panel,0.000021872632249508376
panic,7.383427008716123e-6
panto,2.627184269385266e-8
pants,4.8318582531989455e-6
papal,2.7469091639913964e-6
papaw,3.621468392453005e-8
paper,0.00014814865294703904
parch,5.0442713624193006e-8
parer,1.8411411436146496e-8
parka,2.0640803282683025e-7
parry,3.122272159204505e-7
parse,3.8808636896500773e-7
parts,0.0001348992856761651
party,0.00015320978929984642
pasha,1.994100638864366e-7
passe,5.961594771263629e-7
pasta,1.5472479660847913e-6
paste,5.445409078054214e-6
pasty,4.0884942037545114e-7
patch,7.164617346505284e-6
pater,2.844205969293158e-7
patio,1.3837586365148642e-6
patsy,4.8884400657146264e-8
patty,1.506803103882595e-7
pause,8.895829133644367e-6
paved,4.050652210209606e-6
payee,2.1200606640255777e-6
payer,1.053383542626184e-6
peace,0.00007479738449632826
peach,2.8961398984103927e-6
peaky,2.7034714873816548e-8
pearl,2.942440614196606e-6
peaty,2.778528729977891e-7
pecan,5.40571914764553e-7
pedal,1.8737989305939578e-6
peeve,3.1668188534427513e-8
pekoe,1.2908654976739626e-8
penal,4.833150314299726e-6
penny,4.759663460751963e-6
peony,1.8290807110480694e-7
peppy,4.35098420298026e-8
perch,2.1594693152210205e-6
peril,4.375123187499413e-6
perky,1.6653233925646642e-7
perry,9.364807370038892e-8
pesky,1.7504076566379842e-7
pesto,1.4152369193159654e-7
petal,7.432851884626938e-7
peter,2.7859066317608473e-7
petty,6.071207377189949e-6
pewee,2.4504599796735603e-8
phage,1.3084231286517788e-6
phase,0.00006830860831351634
phial,2.440092129205696e-7
phlox,1.1233640995238914e-7
phone,0.00002881720446351604
phony,6.214626067631019e-7
photo,0.000011438032819418766
piano,9.71656393276358e-6
picky,1.6313103118346428e-7
picot,2.877683160735474e-8
piece,0.00005688300953850735
piety,4.967137150843822e-6
piggy,1.916395554963212e-7
pilaf,4.126989728144213e-8
piles,5.4098681419595604e-6
pilot,0.000018394326752788184
pinch,2.703502824462956e-6
pinko,1.3290704684046703e-8
pinny,1.3115998097897973e-8
pinon,6.30439227506965e-8
pinto,1.5140982654806225e-7
pious,5.510926213615542e-6
piper,3.498137057618629e-7
pipit,3.615834136458634e-8
pique,3.9942675717180185e-7
piste,3.893051532133665e-8
pitch,0.000012661295750375476
pithy,3.9729423146879285e-7
piton,2.931339237460333e-8
pitta,6.464501667028308e-8
pivot,2.5632814542847305e-6
pixel,2.472578835697068e-6
pixie,1.0648282124516654e-7
pizza,1.8868710201719841e-6
place,0.0003636546060187878
plaid,6.557596600461221e-7
plain,0.000036511428017253737
plait,2.930298349327008e-7
plane,0.000039680148132933315
plank,2.6944450944360177e-6
plant,0.00011738867931037161
plash,7.214387879765829e-8
plate,0.00004663996275170775
platy,2.4971744843664516e-7
plaza,1.2874194762720177e-6
plead,4.82150670540552e-6
pleat,9.974621344095752e-8
plebe,5.128610605209997e-8
plonk,2.8399244220362484e-8
pluck,1.4471957749988996e-6
plumb,7.479581915270359e-7
plume,2.0178236728714773e-6
plump,1.7213536721592022e-6
plumy,3.0752884234320693e-8
plunk,5.709644056438928e-8
plush,7.805442365893648e-7
poach,1.0633186126756163e-7
poesy,2.244678901469855e-7
point,0.0003076297564576346
poise,9.437326720532225e-7
poker,1.5134757323245384e-6
polar,7.1643204206081215e-6
polio,8.642282344345837e-7
polka,2.8868027580294044e-7
polls,3.524123074096311e-6
polyp,4.186655281096144e-7
pooch,5.272371540624096e-8
poppy,9.138852399958893e-7
porch,6.054057338787687e-6
porgy,2.6602495956206678e-8
posed,7.5735270767588636e-6
poser,9.608879173438564e-8
posit,7.962533925640556e-7
posse,6.806606992949084e-7
potty,1.867539406528801e-7
pouch,2.1739641307976077e-6
pound,0.00002202670375989251
power,0.0003336101626682167
prang,1.4138839411690105e-8
prank,3.177144449359588e-7
prate,1.564171979614784e-7
prawn,3.3602627767288654e-7
preen,8.335936667352951e-8
press,0.000052392194176033
price,0.0001403063987458663
pride,0.000019846812963233542
prime,0.000018593053894401792
primp,1.5003937518658016e-8
print,0.00002267905456720538
prion,2.059462767577871e-7
prior,0.00008521994695957166
prism,2.6825489587563073e-6
privy,2.243776039975294e-6
prize,0.000012187875828837245
probe,8.094612683788356e-6
prole,4.347031060243776e-8
prone,5.786825431661084e-6
prong,6.673506579593796e-7
proof,0.00004901460189231799
props,1.4375630221573068e-6
prose,8.579456879664574e-6
prosy,1.015997116662778e-7
proud,0.000018968838872502907
prove,0.00005081742669303234
prowl,2.851677793281158e-7
proxy,3.7246751505471333e-6
prude,1.1945923392861846e-7
prune,7.805168433423425e-7
psalm,1.227141824941612e-6
pshaw,4.1650038981666926e-8
pubes,1.927743090304434e-7
pubic,8.703704443736007e-7
pubis,5.508631676428208e-7
pudgy,1.8470701151298843e-7
puffy,4.901387185401714e-7
pukka,2.95248895563281e-8
pulpy,2.4437113331420776e-7
pulse,0.00001792721274439916
punch,4.617660389233922e-6
punks,1.5625095413436582e-7
pupal,5.158035983471273e-7
pupil,0.000013599634165014872
puppy,1.6698993308725962e-6
puree,3.8144567860535307e-7
purge,1.737083788210147e-6
purse,5.5455990296509944e-6
pushy,1.9799122030282957e-7
putty,5.870302950071763e-7
pygmy,2.2316234229367587e-7
pylon,2.265517939009569e-7
quack,5.842470449272442e-7
quaff,9.010167502310767e-8
quail,1.4178804586777327e-6
quake,5.716963778295852e-7
qualm,1.1752689390754513e-7
quark,1.221212101951407e-6
quart,2.5720534272601336e-6
quash,9.86641014716084e-7
quasi,7.0103139283788416e-6
queen,0.000013156410861517093
queer,3.558447531010418e-6
quell,7.227796825288706e-7
quern,1.7297405240907586e-7
query,6.025503351072627e-6
quest,6.242836662043085e-6
queue,2.525317034326501e-6
quick,0.000027407571022788973
quiet,0.00002978439472047404
quiff,1.4415382441445289e-8
quill,7.767569952493118e-7
quilt,1.397180626454968e-6
quint,2.7481009084381306e-8
quire,4.835586356460597e-7
quirk,2.2194212110382674e-7
quirt,3.841543972855426e-8
quite,0.00014787410301424559
quits,6.34653987535096e-7
quoin,3.827838567214876e-8
quoit,4.74242689163943e-8
quota,6.373440806900839e-6
quote,0.000011698929087575113
rabbi,1.326438022772565e-6
rabid,5.579186710859958e-7
racer,3.0583890371809265e-7
radar,7.08562419447739e-6
radio,0.0000348091046355759
radix,2.1524722249062619e-7
radon,1.1316222536336232e-6
rafts,9.54531302206965e-7
rails,7.3289244498210954e-6
rainy,3.5234752181718417e-6
raise,0.000037283799454425784
rajah,1.964191037440502e-7
rally,3.156705051768049e-6
ramie,1.7933831459604866e-7
ranch,4.931329389140592e-6
ranee,9.90033034063212e-8
range,0.0001280080240847692
rangy,9.536761646215632e-8
rapid,0.000041827142070112596
raspy,2.0679817195068297e-7
rates,0.00012063761814883848
ratio,0.00005549752750087219
ratty,1.1257446845062174e-7
ravel,8.197858947125316e-8
raven,9.787987698900543e-7
raver,1.4474649720093777e-8
rayon,1.204445142863966e-6
razed,5.023291612103775e-7
razor,1.9038626574987396e-6
reach,0.0000592654482305488
react,8.026501926928767e-6
ready,0.00007280643981585681
realm,0.000011666444774316708
rearm,8.693516052081528e-8
rebel,4.883356475620191e-6
rebus,3.3963336952374305e-7
rebut,9.532769985177167e-7
recap,2.180729411281115e-7
recce,5.428805601413057e-8
recto,3.978548965650319e-7
recur,1.7576603883046144e-6
reedy,1.8537690339422861e-7
reeve,1.6396735489235645e-7
refer,0.000037288727257000125
refit,2.5556105191489293e-7
regal,1.1407483975088568e-6
reign,0.000016766270747036666
relax,4.951384948278335e-6
relay,4.638844940247213e-6
relic,1.6935321985745377e-6
remit,2.1019058236379782e-6
renal,0.000011173289242569916
renew,4.991358527804165e-6
repay,4.115900793832739e-6
repel,1.5668544871993085e-6
reply,0.000030091966502340827
rerun,2.445071668373308e-7
reset,1.845175614693842e-6
resin,6.711064922749926e-6
retch,6.649483457613247e-8
retie,1.4896394115350459e-8
retro,5.201489846668101e-7
retry,1.2664825196261803e-7
reuse,2.0317487168293533e-6
revel,6.738178955164204e-7
revue,3.7993598374618953e-7
rheum,5.999380443495617e-8
rhino,2.805320504107891e-7
rhyme,2.6491155827394303e-6
ricer,2.0479387423669795e-8
rider,3.4992662859263268e-6
ridge,0.000010110314363888316
rifle,6.956178877300876e-6
right,0.00040390299649985587
rigid,0.000013878545308701008
rigor,1.2753846777640014e-6
riled,1.7905384359030652e-7
rimed,4.330877739613393e-8
rings,0.000012667039248089199
rinse,1.3663166661586061e-6
ripen,1.165889376620181e-6
risen,8.969546891662353e-6
riser,7.268449024391081e-7
risky,3.056559365361063e-6
ritzy,4.4024103619997466e-8
rival,9.623869924330685e-6
river,0.00007673509314725689
rivet,9.870975354939194e-7
riyal,2.009115491336756e-8
roach,3.503069531744993e-7
roads,0.00003277740691351553
roast,2.3162720121660475e-6
robed,6.130526274703911e-7
robin,8.437942585938924e-7
robot,3.6658022322689734e-6
rocky,5.660763136141854e-6
rodeo,4.33054114526153e-7
rogue,1.4075695270559679e-6
roman,8.180887868050023e-7
rondo,1.2036358223348315e-7
rooms,0.00003326487954201994
roomy,5.049858993526417e-7
roost,7.312533746198812e-7
roots,0.00002518656868913896
roper,1.38761037449115e-7
ropey,1.5051918212327097e-8
rosin,8.054878970898116e-7
rotor,4.894519344622543e-6
rouge,5.109828537143162e-7
rough,0.00002178431681193642
round,0.00007409886935985633
rouse,1.4077342010374812e-6
route,0.000031441872703880115
rover,2.8834636940165087e-7
rowan,9.819953473258749e-8
rowdy,3.699936225211398e-7
rowel,2.7788562940884728e-8
rower,1.266295173699998e-7
royal,0.000021555645087545447
ruble,3.2112166600695987e-7
ruddy,9.952951461531393e-7
rugby,6.994301992024601e-7
ruled,0.000014172681964164392
ruler,7.3670482837539295e-6
rumba,6.418762696147731e-8
rummy,7.182808130695284e-8
rumor,1.8777548871180338e-6
runic,1.250459955923255e-7
runny,2.0858399496032529e-7
runty,1.7992850642252544e-8
rupee,1.0008580845374028e-6
rural,0.00004406107204229776
rushy,3.962085719903793e-8
rusty,1.960571205278336e-6
rutty,1.7815766373799988e-8
saber,3.8334040915087943e-7
sable,8.88029149977814e-7
sabot,4.775055681614485e-8
sabra,1.6631607814312564e-8
sadhu,5.8449177261624545e-8
sadly,4.267406754105783e-6
sahib,1.7305030813064815e-7
saint,5.253380889155435e-6
salad,3.7128891549178685e-6
sales,0.00007076061042823012
sally,5.29038282854272e-7
salon,1.459345898808083e-6
salsa,4.1533378002297625e-7
salty,1.0457586931854782e-6
salve,4.428456598492707e-7
salvo,2.76710729726964e-7
samba,1.3053359059523646e-7
sands,5.515967460560037e-6
sandy,9.983184888143655e-6
sappy,1.1209324819681698e-7
saran,3.196990170157422e-8
sassy,1.416193250789307e-7
satin,2.143851537459313e-6
satyr,2.664277183974965e-7
sauce,6.085670922136178e-6
saucy,4.124415647155398e-7
sauna,4.372909884965636e-7
saute,2.1354947984773137e-7
saved,0.000022092708806638747
saver,5.099816317330934e-7
savor,5.988085545968708e-7
savoy,2.0993937652944617e-8
savvy,6.634965496060693e-7
scads,3.294402772164235e-8
scald,3.3903287316105604e-7
scale,0.00008061347957942153
scalp,2.4728686577113546e-6
scaly,8.614906006422803e-7
scamp,1.6289390068935846e-7
scant,2.1988289789473177e-6
scape,6.859639726164846e-7
scare,2.2571439029025913e-6
scarf,1.6681076705080218e-6
scarp,4.5617797636260566e-7
scary,1.3951353847202607e-6
scene,0.00004103147889745599
scent,4.772293433307021e-6
schwa,9.4263214999419e-8
scion,6.148841096544925e-7
scoff,3.519491112127985e-7
scold,5.734255652006113e-7
scone,8.98068804910002e-8
scoop,1.253442094513219e-6
scoot,1.2115333429784047e-7
scope,0.000033008028436869226
score,0.000020262970082054745
scorn,3.621065486613635e-6
scour,9.447978444136942e-7
scout,1.6485900575368616e-6
scowl,6.423650430532585e-7
scrag,2.0511830330882417e-8
scram,1.2531417719522962e-7
scrap,6.3453402161666015e-6
scree,1.9641365328362907e-7
screw,9.697227270588625e-6
scrim,8.49787528239179e-8
scrip,9.636521983400285e-7
scrod,1.3517355534958481e-8
scrub,2.3256123386549685e-6
scrum,1.7501820972240293e-7
scuba,3.943041901138391e-7
scuff,8.98005230912712e-8
scull,8.89565142170053e-8
scurf,8.185202012062905e-8
seamy,1.070741757224176e-7
seats,0.000013995638471450725
sebum,9.969739012686197e-8
sedan,8.836876668553966e-7
sedge,4.712813870358936e-7
sedgy,3.836779483039611e-8
seedy,3.4383592849162654e-7
seems,0.00014052203942667676
segue,7.104186038170426e-8
seine,1.0304099819817228e-6
seize,5.846742631853222e-6
senna,1.6383134147517916e-7
sense,0.00014208830209567957
sepal,1.8068266358211024e-7
sepia,3.3615922338882227e-7
serge,2.858518545352325e-7
serif,1.6706916604517086e-7
serum,0.000016576158303814578
serve,0.00007008702767339536
servo,1.0252189047779798e-6
setup,3.5496949227321076e-6
seven,0.00007921787388666573
sever,1.3476307713704447e-6
sewed,1.0468310365332731e-6
sewer,6.874649018695698e-6
shack,1.0168475868107494e-6
shade,0.000012425075457673108
shady,1.7560812025147726e-6
shaft,0.000022120664812421858
shake,8.935845882266804e-6
shaky,1.3783176804210154e-6
shale,8.118341358389728e-6
shame,0.000011142086392742098
shank,1.5493272477720148e-6
shape,0.00005180161483220142
shard,1.675888995428097e-7
share,0.00008371400908734757
shark,1.8262937857748837e-6
sharp,0.000028660680045340417
shave,1.2378994454909833e-6
shawl,1.4187031292522916e-6
sheaf,7.37523016746004e-7
shear,0.000010640559561399669
sheen,8.250230497698457e-7
sheep,0.000022716473640537788
sheer,6.657309684130364e-6
sheet,0.00003298741920896918
sheik,1.607448726980178e-7
shelf,8.698762200878929e-6
shell,0.000022051003945552472
shift,0.000031614773953979795
shill,6.212506931502016e-8
shine,4.708062335251596e-6
shiny,2.7671633709017075e-6
shire,1.208799458647783e-6
shirk,4.1665573410958913e-7
shirt,0.000012094304302109842
shoal,1.2774854216090336e-6
shoat,1.7953527650428823e-8
shock,0.000022455899451787818
shoes,0.000015570898383332456
shook,0.00002026352877047944
shoot,0.000010800216763620852
shore,0.000024743031821777737
short,0.0001620150436452139
shout,4.40379399320774e-6
shove,1.0754125280352739e-6
showy,1.0193062057821003e-6
shred,6.0886419181782e-7
shrew,3.4217560944580336e-7
shrub,2.79175790895399e-6
shrug,1.4319728381594903e-6
shuck,9.819983963526774e-8
shunt,2.074651050490124e-6
shush,6.255980473626305e-8
shyly,5.877536495567756e-7
sibyl,7.39094835896987e-8
sidle,5.809562788897444e-8
siege,6.1366622689375655e-6
sieve,2.5360709813055153e-6
sight,0.00004262442107209454
sigma,7.405501045142908e-7
silks,1.2253570315581882e-6
silky,1.3187983594194057e-6
silly,5.594485019761262e-6
silty,1.967233438278939e-6
since,0.0002768756934734387
sinew,3.8345789343261927e-7
singe,1.3295015002435492e-7
sinus,4.040554913267308e-6
siren,9.5961263247433e-7
sisal,4.134667782031588e-7
sitar,6.559988102151372e-8
sixth,0.00001707307000286068
sixty,0.000023126390315068042
sized,0.000010864165573009218
skate,6.275922457926161e-7
skeet,6.501875744663198e-8
skein,3.114875170068457e-7
skier,2.717511524074172e-7
skiff,4.5507464376404565e-7
skill,0.000026522179878901726
skimp,7.865351340064521e-8
skint,1.5568658817643265e-8
skirt,4.537308202306346e-6
skive,8.99774101834342e-9
skulk,8.173970640163865e-8
skull,7.670176158501371e-6
skunk,4.971793583092674e-7
slack,3.2444969392124766e-6
slain,4.703574757069401e-6
slake,1.8307264444446042e-7
slang,1.3982341535981153e-6
slant,1.251996665364447e-6
slash,1.4526255882335066e-6
slate,4.822794750776382e-6
slave,0.000018477268353706284
sleek,1.2016568083424437e-6
sleep,0.000037831700624632465
sleet,6.330643747761096e-7
slews,1.4345547172316073e-8
slice,4.158026804594056e-6
slick,1.3834868155049205e-6
slide,0.000011553928107801293
slime,1.2333340306501936e-6
slimy,7.644735003578754e-7
sling,1.2355171045217044e-6
slink,1.461872065983182e-7
sloop,1.0850607962617777e-6
slope,0.000018953960178167074
slops,1.8105517150192453e-7
slosh,7.800038954024265e-8
sloth,6.090572230781976e-7
slump,1.476376144532537e-6
slurp,6.317926161245306e-8
slush,4.4850552294903567e-7
slyly,3.8912703687668147e-7
smack,9.136569212739381e-7
small,0.0003324851122609194
smart,8.299252297181819e-6
smash,1.223017820392065e-6
smear,1.4981056198310453e-6
smell,0.000012106342456468388
smelt,1.009682502513103e-6
smile,0.000030468867351392616
smirk,6.112953238119894e-7
smite,5.863974630893106e-7
smith,9.756235911887051e-7
smock,2.9557621505211363e-7
smoke,0.00001968829152279558
smoky,1.2328234435886298e-6
snack,1.462601938163056e-6
snafu,2.6432396499258536e-8
snail,1.4754333838424344e-6
snake,5.608218816077241e-6
snaky,8.954508748902912e-8
snare,1.3171232711913522e-6
snarl,4.720606904757799e-7
sneak,1.3382941993135288e-6
sneer,1.076843752143836e-6
snick,3.094381942398021e-8
snide,1.4584177330184777e-7
sniff,6.942528202273636e-7
snipe,3.946945407203497e-7
snips,1.0073179170592124e-7
snood,3.010739131719174e-8
snoop,1.0140099141410501e-7
snoot,2.090804123043764e-8
snore,2.788959564960676e-7
snort,5.744607059111677e-7
snout,1.5813683132049449e-6
snowy,1.6041822026761062e-6
snuff,1.3100578157770072e-6
soapy,3.537191511913321e-7
sober,4.684867981217514e-6
softy,2.9797676971847986e-8
soggy,4.256310569351988e-7
solar,0.000018020263742444764
soled,1.9839139646414669e-7
solid,0.00004554780518816026
solve,0.000017959610649436658
sonar,7.325589222583518e-7
sonic,1.155997601959341e-6
sonny,1.0172867115729941e-7
sooth,4.3229985112111233e-7
sooty,4.5008188081345493e-7
soppy,3.934778411817205e-8
sorry,0.000022250301609533415
sough,5.934525056045782e-8
sound,0.0000831749415190257
soupy,5.833171083118059e-8
souse,5.056947213779352e-8
south,0.00007123340311245035
sower,2.211070931599149e-7
space,0.00011884189717434722
spade,1.4157495409458001e-6
spank,1.6312736251341416e-7
spare,0.00001122106927464745
spark,5.732386691008149e-6
spasm,1.7924893886847023e-6
spate,4.819906361205694e-7
spawn,1.2136082713376692e-6
speak,0.00006892252422556277
spear,3.6114663862133984e-6
speck,8.530385418506951e-7
specs,4.898630202896051e-7
speed,0.00006293231412079776
spell,7.570791862719178e-6
spend,0.00002762293160643773
spent,0.00005577405317278478
spice,1.4733758242262354e-6
spicy,9.919375918441595e-7
spiel,1.0938252113446895e-7
spiff,7.317113446365214e-9
spike,2.6442721230353014e-6
spiky,2.5361539521876785e-7
spill,3.120410884778627e-6
spine,8.310254987385166e-6
spiny,6.857662119832854e-7
spire,1.4236374954410945e-6
spite,0.00002734365465756579
splat,1.0315433912941886e-7
splay,1.6135614670934195e-7
split,0.000017649143024333506
spoil,3.6623502019573505e-6
spoke,0.00004081526697906484
spoof,1.5085922075471363e-7
spook,1.6511379943054604e-7
spool,9.372509055898938e-7
spoon,3.2344245956411818e-6
spoor,1.2346559851589555e-7
spore,1.7171740705432431e-6
sport,0.000011800342330897845
spots,0.000014132708384638562
spout,1.107989046856742e-6
sprat,7.698956160585972e-8
spray,0.000010024246884965
spree,4.433007911442962e-7
sprig,3.6405768887079436e-7
sprog,8.278375682198968e-9
spume,6.439046832427157e-8
spunk,1.4175484789066921e-7
spurn,2.910154293854319e-7
spurt,6.783667469733351e-7
squab,8.883387212548924e-8
squad,2.7585602852711755e-6
squat,1.001733948647152e-6
squib,1.2029300502562388e-7
squid,7.848037730673447e-7
stack,6.703485598771516e-6
staff,0.00008324564045207861
stage,0.00008949778206230553
stagy,2.3460394549671972e-8
staid,9.738074773337632e-7
stain,4.988753824986781e-6
stair,1.6394681019648986e-6
stake,8.518619073388975e-6
stale,2.0636831023559395e-6
stalk,3.084054975941732e-6
stall,3.2945941738589453e-6
stamp,9.657025296423768e-6
stand,0.0000754197127028495
staph,5.188549234808519e-8
stare,4.8490957738674664e-6
stark,2.4051526643842096e-6
start,0.00006903662918328802
stash,3.0235612730536834e-7
state,0.0004070452057705562
stave,8.125116694894265e-7
stays,4.437066825400894e-6
stead,2.5707362678473728e-6
steak,1.770878434731619e-6
steal,5.197498493597356e-6
steam,0.00003673936440430012
steed,1.0437403597511935e-6
steel,0.00006355940297513555
steep,0.00001027279882778807
steer,2.9678633445583726e-6
stein,1.6152713429754028e-7
steps,0.00005562571612538245
stern,6.808790044125188e-6
stick,0.000015329502316733373
stiff,7.81204286107501e-6
stile,5.572924565837141e-7
still,0.00032820545351483705
stilt,1.2757722963040074e-7
sting,2.3233221280014985e-6
stink,7.545611730241164e-7
stint,8.349897176995712e-7
stoat,6.582923360951129e-8
stock,0.00011262677356642727
stogy,6.396626951657658e-9
stoic,4.356035712085483e-7
stoke,1.5866541637423763e-7
stole,3.891960101250174e-6
stoma,3.189368545579996e-7
stomp,2.032011916598052e-7
stone,0.0000496127328162584
stony,2.1769748747730194e-6
stool,3.7399225587293723e-6
stoop,1.2278259869943065e-6
stops,9.382236427700264e-6
store,0.00003891749927985645
stork,3.34184577802909e-7
storm,0.00001916388990209667
story,0.00009765817694452023
stoup,4.8583176420638225e-8
stout,5.223671013331098e-6
stove,5.48975107422805e-6
strap,2.7024817654977142e-6
straw,9.011733138372424e-6
stray,2.9758752277089333e-6
strep,1.0467252451112711e-7
strew,2.4442894661885944e-7
stria,2.957826743485583e-7
strip,0.000014510220126603965
strop,7.418498888848749e-8
strum,9.027671910324578e-8
strut,9.289768724733784e-7
stuck,0.000010043254184106397
study,0.00024019544366851
stuff,0.00001530636267701941
stump,2.498632163153692e-6
stung,1.340342221571175e-6
stunt,8.16811151907455e-7
style,0.000056062669203544826
suave,3.4659477756783654e-7
sucks,6.155030344632275e-7
sudsy,3.303094889170771e-8
suede,2.6999649762722425e-7
sugar,0.00003888365137543687
suite,4.897048977881713e-6
sulfa,1.6566171934878551e-7
sulky,4.6040500167567146e-7
sully,1.6323540539422507e-7
sumac,2.1798959801091096e-7
sunny,3.882339865862295e-6
sunup,8.347665023609725e-8
super,7.3133604845954645e-6
supra,0.000022623084327555365
surge,3.854388685180053e-6
surly,5.506142977318212e-7
sushi,2.9948725591980556e-7
swain,2.4728506993978654e-7
swami,4.829842357163586e-8
swamp,3.7321873236150275e-6
swank,7.888042667446773e-8
sward,4.3088758269216084e-7
swarm,2.0410223384345736e-6
swash,1.186387049326671e-7
swath,4.63737951553186e-7
swear,6.1216896199422055e-6
sweat,6.333484737390946e-6
swede,4.802418812814651e-8
sweep,6.307968789498626e-6
sweet,0.000028063045064044753
swell,4.449739967052558e-6
swept,0.00001015295539201148
swift,5.534474955814795e-6
swill,1.5805694858514727e-7
swine,3.6836459872580323e-6
swing,7.886165705848369e-6
swipe,3.459830816243164e-7
swirl,9.061543020821356e-7
swish,2.975110204703836e-7
swoon,3.982168454172128e-7
swoop,4.965979863776837e-7
sword,0.000015686558934434298
sworn,8.71206230511724e-6
sylph,6.014761991342445e-8
synod,1.0963867858142723e-6
syrup,3.3465861413766547e-6
tabby,1.6058316907037373e-7
table,0.00011988425567119458
taboo,1.3177930758615872e-6
tabor,7.941770140214645e-8
tacit,1.9202171353428746e-6
tacky,2.93855742853869e-7
taffy,8.657462771216244e-8
tails,3.341136985562671e-6
taint,1.1816972974382668e-6
taken,0.00027178399038843597
taker,8.604097900401237e-7
talks,0.000012109945570136375
talky,3.0859481240656403e-8
tally,1.448941613580295e-6
talon,1.1086241053962816e-7
talus,5.520830798801007e-7
tamed,7.833559643936284e-7
tamer,1.7260544988306016e-7
tango,3.0193834565356866e-7
tangy,1.6574587924679564e-7
tansy,6.673069398993163e-8
taped,1.2804098620898402e-6
taper,1.8918364661210484e-6
tapir,1.1557105377282883e-7
tardy,7.986568993096988e-7
tarot,1.2897750257826635e-7
tarry,8.038602813495907e-7
taste,0.00002812783987018727
tasty,9.913375806692599e-7
tater,2.5670614835888735e-8
tatty,7.357026204965491e-8
taunt,5.344058328676782e-7
taupe,5.0961412963767e-8
tawny,8.739513332863291e-7
taxer,1.6262046827156563e-8
taxis,8.070126264555173e-7
teach,0.000024435066498379085
tears,0.00002230455914037385
teary,1.3320027801072376e-7
tease,1.1550859593225266e-6
teddy,3.853150844507981e-7
teens,2.3908383403749732e-6
teeny,1.0937957689258283e-7
teeth,0.000029857469961705313
telex,8.649383825688466e-7
telly,1.522137701698435e-7
tempo,2.221367260775649e-6
tempt,1.6918325356409615e-6
tench,8.326977832708941e-8
tenet,8.483997457909963e-7
tenon,2.193592203500604e-7
tenor,3.54365576690325e-6
tense,6.309613472627041e-6
tenth,0.000010108796417979707
tepee,1.5261972096674143e-7
tepid,5.446137176560477e-7
terms,0.00017680962714459588
terry,1.8016684346310543e-7
terse,7.220546086418163e-7
testy,1.7288620831714252e-7
tetra,3.6681800991574387e-7
thane,1.5789528084867845e-7
thank,0.000025939425184813332
theft,6.38567015159423e-6
their,0.001799120518762562
theme,0.0000200086107373175
there,0.0011413899093591575
therm,1.5494191918323775e-7
these,0.0009999972230429499
theta,5.597309038713583e-7
thick,0.00003871359105596461
thief,3.700120651657492e-6
thigh,4.062317892503059e-6
thine,5.540710380443344e-6
thing,0.00015078207726872123
think,0.00030832960331054023
third,0.00015399217496349886
thole,1.113732574492555e-7
thong,4.3273726778799854e-7
thorn,1.6247081041803721e-6
those,0.0006364720921881444
three,0.00046022551204110324
throb,6.642415248417394e-7
throe,1.800364262045781e-7
throw,0.00001988020225159429
thrum,9.398258612908745e-8
thumb,7.175293164489504e-6
thump,7.193655692716794e-7
thyme,8.582889759749677e-7
tiara,2.733993007910128e-7
tibia,2.0250583203382007e-6
tidal,5.020708792992109e-6
tiger,2.8680601376423617e-6
tight,0.000017071643414807683
tilde,7.621476541392942e-8
tiled,1.123862671708508e-6
tiler,2.6930780362179493e-8
timed,2.1511095583779247e-6
timer,1.6445422962064429e-6
times,0.00019348526085954194
timid,2.759333967537666e-6
tinge,1.565389694939528e-6
tinny,1.2822477663068393e-7
tipsy,3.3227707244529467e-7
tired,0.00001569136626511113
titan,1.4140987250253684e-7
titer,8.63111655966507e-7
tithe,1.3731095737610326e-6
title,0.00010349622803093444
tizzy,3.84561950192825e-8
toady,5.123236425550094e-8
toast,3.205612004439942e-6
today,0.00009116080524955603
toddy,2.3147759115275194e-7
token,5.524301104070194e-6
tonal,1.3194874176346738e-6
toned,1.1648379974533036e-6
toner,2.7671358023526394e-7
tongs,7.707632611848436e-7
tonic,2.5924285255612004e-6
tonne,1.1199893661977217e-6
tooth,9.846472331512778e-6
topaz,3.176722782277469e-7
topee,1.7127375763266278e-8
topic,0.000018619389426348715
toque,6.291195201046165e-8
torch,3.053847724163782e-6
torso,1.3795262856192624e-6
torte,4.3064981256654907e-8
torus,6.661602525112396e-7
total,0.00021254614779123501
totem,6.369764279317962e-7
toter,7.363689271140128e-9
touch,0.00003500348629580109
tough,0.000010280971340135309
towel,3.3486806428505275e-6
tower,0.000013951726966775081
toxic,0.000010811976691794908
toxin,2.805544963899526e-6
trace,0.000020299856067240675
track,0.000034895897863798566
tract,0.000018410910926659836
trade,0.00014628043851018822
trail,0.000011398194085891935
train,0.00004315975250569492
trait,4.538868088626852e-6
tramp,1.5432593755098211e-6
trash,3.2166050156027032e-6
trawl,8.62392898875042e-7
tread,3.5397871130945053e-6
treat,0.000023962842260423626
treed,8.953748352510259e-8
trend,0.00002346284646247707
tress,2.0039075002126972e-7
trews,2.8524312695153926e-8
triad,1.2145180097215962e-6
trial,0.00009102939149195622
tribe,0.000013170656454670439
trice,1.680818894377478e-7
trick,6.253964249642962e-6
tried,0.00007167405367393377
trier,7.067860678356143e-7
trike,3.1527199228601926e-8
trill,3.404864481582e-7
tripe,2.0997852653881908e-7
trite,6.411659955616751e-7
troll,3.609136058788116e-7
troop,3.6786452099342073e-6
trope,5.752968892671734e-7
troth,3.438684586874097e-7
trout,6.404724884633747e-6
trove,3.111851776195914e-7
truce,2.1946114586020375e-6
truck,0.000021610774031777856
truly,0.00003196430358791763
trump,7.969547317911503e-7
trunk,0.000011332457224973222
truss,1.6247237302842013e-6
trust,0.00007038257535595832
truth,0.00007979586542310638
tryst,1.887630347546093e-7
tubal,4.971549146496843e-7
tubby,4.5992627091324694e-8
tubed,7.833664016840574e-8
tuber,9.314952581137828e-7
tulip,5.190106847461845e-7
tulle,1.7535957315484598e-7
tumid,1.740227716306769e-7
tummy,3.8311834475016624e-7
tumor,0.000015763236781243184
tuner,3.7767081683161146e-7
tunic,1.300502579489427e-6
tunny,9.004256362736183e-8
turps,2.031196620946933e-8
tutor,3.1543166680818762e-6
twain,5.805415249379139e-7
twang,2.2565037179032653e-7
tweak,1.9624663197289043e-7
tweed,4.169146749803261e-7
tweet,1.8000839044701395e-7
twice,0.00003580338355368889
twill,5.022910117761665e-7
twine,1.334320132594464e-6
twins,4.210133338024786e-6
twirl,1.9139229982417626e-7
twist,4.741037501464656e-6
tying,2.6217661557670537e-6
udder,6.799589597471731e-7
ukase,9.677944813116023e-8
ulcer,3.673968453055115e-6
ulnar,8.627215881917416e-7
ultra,4.5130770632352214e-6
umbel,1.3118544781574154e-7
umber,4.314535360411145e-7
umbra,1.570280124322986e-7
unbar,2.736258130277039e-8
uncle,0.000011934698739618841
uncut,1.2544862451092378e-6
under,0.0007866936493573612
undue,6.568912927367195e-6
unfed,9.686647286825106e-8
unfit,4.073257757844614e-6
unify,8.99273932439172e-7
union,0.0000622215188822398
unite,6.627627918415445e-6
unity,0.00002264163950960289
unlit,2.3073480974600945e-7
unman,3.051501662924878e-8
unpin,1.450805807177691e-8
unsay,4.388481081741443e-8
untie,3.2849373473411524e-7
until,0.00025926312521522255
unwed,2.7100875313175917e-7
unzip,7.851845481410713e-8
upend,3.0899095589327605e-8
upper,0.00007064327001660579
upset,9.063207232172111e-6
urban,0.00004078318842007744
urine,0.000012970756239971707
usage,0.000014406900917469398
usher,9.317743303267759e-7
using,0.00018703013163150664
usual,0.00005797182099510154
usurp,6.502244783218419e-7
usury,1.3521278869111924e-6
utter,7.879313364711328e-6
uvula,2.0210312327377936e-7
vague,9.806842069066722e-6
valet,1.0313875227142343e-6
valid,0.000028233376766168474
valor,1.1597950661024948e-6
value,0.0002721466790673454
valve,0.000024540433110607927
vapid,2.1004671759686754e-7
vapor,9.837790295020802e-6
vault,3.5257505239011384e-6
vaunt,1.286805514250836e-7
vegan,2.773496865704013e-7
velar,2.2024407966122342e-7
velum,2.0896836615274786e-7
venal,3.3877849431763355e-7
venom,1.4970481631532826e-6
venue,3.4129231774906033e-6
verge,2.897119097501528e-6
verse,0.000016737804743554105
verso,8.281028337644027e-7
verve,2.644827631206482e-7
vetch,4.3043138762184524e-7
vexed,1.6803927250400414e-6
viand,2.6382626534489597e-8
vibes,1.561376674041995e-7
vicar,2.017551539231265e-6
video,0.00001668940520049159
vigil,7.262975044447727e-7
vigor,4.252832666304682e-6
villa,2.387158505528936e-6
vinyl,2.7043485035589862e-6
viola,6.284107772484499e-7
viper,3.900811779950892e-7
viral,4.74053041386202e-6
vireo,8.41447736866254e-8
virus,0.000019161848353777383
visit,0.000053298837566573244
visor,4.2320151126121157e-7
vista,8.547322297026e-7
vital,0.00002628828971348367
vivid,6.740630720476346e-6
vixen,1.356722394407637e-7
vocal,6.2589352213139105e-6
vodka,9.660422771859043e-7
vogue,2.2309869441222776e-6
voice,0.00008507180266720534
voile,7.911113747201617e-8
vomit,1.004369691832974e-6
voter,4.342728199303443e-6
vouch,5.939169173588053e-7
vowel,4.155547410915164e-6
wacko,3.0036367549257297e-8
wacky,1.4192132586460547e-7
wader,4.19299806176852e-8
wafer,1.684331793898596e-6
wager,1.0995930444621884e-6
wages,0.000039016555289717935
wagon,8.389350404006026e-6
waist,6.873499716265717e-6
waive,3.400008825449228e-6
waken,3.32580201714081e-7
wally,1.4394347316304318e-8
waltz,7.307899946904454e-7
wanly,8.342875437670233e-8
warty,1.9675802789389826e-7
washy,9.692585500957687e-8
waste,0.000045604001814584343
watch,0.000032762852062519576
water,0.0004002789899930443
waver,4.854646014578936e-7
waxed,1.2222797620127548e-6
waxen,2.5279521793459154e-7
weary,7.168168255684349e-6
weave,2.1955370843478953e-6
wedge,4.227234307781882e-6
weeds,6.548695735100295e-6
weedy,4.375557495960868e-7
weeny,2.584497734453864e-8
weepy,7.261416244574498e-8
weigh,6.296173586800056e-6
weird,3.5032899783308933e-6
welsh,2.9366850060730594e-8
whack,3.526300642689775e-7
whale,3.6983707973461797e-6
wharf,3.4331118371747516e-6
wheal,1.2810003463430976e-7
wheat,0.00003022518282070711
wheel,0.000023724449959802425
whelk,5.431833007927541e-8
whelm,2.9575490569622857e-8
whelp,1.3507966707429628e-7
where,0.0006215428567469508
which,0.003151273982861528
whiff,5.499918538573796e-7
while,0.00035938801546178765
whine,6.636058943376088e-7
whiny,7.396542548090831e-8
whirl,1.0709377402549797e-6
whisk,6.931219005629762e-7
whist,3.676037171993711e-7
white,0.00014511968023246942
whole,0.00023817564446268653
whoop,3.696407386126631e-7
whorl,1.2352973611147388e-6
whose,0.00016958045543377683
whoso,3.9910432172885943e-7
widen,1.8837492880345445e-6
widow,0.00001587411410217183
width,0.00002711357728001563
wield,1.0903670499707635e-6
wight,3.2853710228495546e-7
wimpy,5.136143124001328e-8
wince,4.039800716946025e-7
winch,1.0022363353145928e-6
windy,1.1527835400699651e-6
wings,0.000016590669905295663
wiper,3.8057211511610696e-7
wired,2.149571205263131e-6
wispy,2.2570320643286232e-7
witch,3.478981758530772e-6
withe,9.77252036580791e-8
witty,2.1189536010679232e-6
woman,0.00011872186248943334
wonky,3.525607099801168e-8
woods,0.000015725941168090385
woody,2.3118848272317766e-6
wooer,8.334956868302354e-8
woozy,9.365521604457473e-8
words,0.0001922412740694631
wordy,2.679962901743566e-7
works,0.0001131584110304703
world,0.0003134033811811262
wormy,1.4564788359057205e-7
worry,0.000015431050087008324
worse,0.00002903937793353004
worst,0.00001986633643815729
worth,0.00005654814685612495
wound,0.00001911326911666228
woven,5.105204470949784e-6
wrack,1.5279350367766787e-7
wrath,5.427138510864557e-6
wreak,4.2927416971852086e-7
wreck,3.759908344559808e-6
wrest,6.396947325133514e-7
wring,5.527807840220173e-7
wrist,5.60333722638284e-6
write,0.00006235520002134397
wrong,0.000058253772922064404
wroth,2.609486555647251e-7
wryly,5.241061195801575e-7
xenon,6.214836370372537e-7
xerox,7.922489284382247e-8
xylem,6.686032011896549e-7
yacht,2.2803656988521423e-6
yahoo,3.9575967929088274e-8
yearn,5.970610425494131e-7
years,0.0006273343765668849
yeast,5.459941568460511e-6
yield,0.0000513507813835811
yodel,3.612550070003587e-8
yogic,1.5724254073482705e-7
yokel,5.4393209558647696e-8
young,0.00016687123069614846
yours,0.00001644368063724671
youth,0.00003737066220236068
yucca,2.0047210294959161e-7
yucky,4.9245597129349015e-8
yummy,1.2326928826921188e-7
zebra,5.560487847664633e-7
zesty,5.2787458557891655e-8
zilch,3.3935076665250614e-8
zippy,2.3655162963531253e-8
zloty,9.851030444120193e-8
zonal,9.92360039889847e-7
