sissy,1.6552956102893972e-7
unmet,5.850127277442041e-7
biome,1.424409601442346e-7
golem,8.400854398096886e-8
hyper,1.117678892024958e-6
ought,0.000058962416733319364
dutch,1.2680921845578692e-7
briar,1.9883182484864873e-7
surer,6.479480614251692e-7
wrote,0.00006656106220070876
masse,8.916070365836122e-7
prick,1.0946965087874786e-6
could,0.0007782745179847997
wrung,1.0134472493102464e-6
shall,0.0006807490940438066
shown,0.00019054306656257898
butch,1.5182954642025434e-7
slung,1.1891766033842484e-6
gamer,7.567888217499326e-8
crept,3.583816077870218e-6
primo,3.2291086621707124e-7
hydro,2.317027479066625e-6
hunky,6.598111844838599e-8
ruder,2.2250406520477494e-7
fungi,4.778994331498579e-6
unset,8.036694259838175e-8
piney,6.094785679703212e-8
ombre,8.000149033101353e-8
fanny,1.0061317127425728e-7
hippy,9.321192465741023e-8
threw,0.000015837918822531613
recut,7.519638100378135e-8
safer,4.626215233982977e-6
manga,1.9550360172180104e-7
spilt,4.690462896924309e-7
spelt,9.336529586770079e-7
chose,0.0000161585683308392
stank,2.1582871841912932e-7
idiot,2.368752108472054e-6
aping,1.2129819347618548e-7
awoke,2.7216007152661844e-6
freer,1.448248398203381e-6
plier,4.558193839694772e-8
nicer,7.361420238275319e-7
pried,3.3567724076058587e-7
boule,8.067548086584312e-8
moron,2.4779746142973373e-7
clung,3.0058564403961364e-6
snuck,3.4379232577617165e-7
flown,3.4417847303699845e-6
paler,1.8033157236966934e-6
swore,3.374768723617153e-6
rebar,1.3306710873882081e-7
flyer,6.76385656862979e-7
horny,9.346901018544176e-7
fritz,2.5250840211825947e-8
eaten,9.190182638523266e-6
rehab,4.081794957816785e-7
gayly,2.620902609357181e-7
cutie,5.563618121312152e-8
bluer,1.5063210438768947e-7
aider,1.4178168414311872e-7
begun,0.00002844822534425282
woken,5.859615298644289e-7
dwelt,3.607177084695853e-6
anime,1.5547731109456871e-7
dunce,1.8375580405260567e-7
stood,0.00006538735620580524
meant,0.000049264684986659924
shied,3.090072702534464e-7
geeky,5.477450534926212e-8
aunty,8.868296001290107e-8
crump,1.9816984607999134e-8
filet,1.805936455785109e-7
donut,1.7741976367404714e-7
would,0.0014664497417387634
dilly,6.965438738656543e-8
clued,5.044973098932118e-8
gonad,3.354694408354756e-7
utile,1.2611314133796405e-7
missy,9.16208122567762e-8
cyber,9.56903819881629e-7
drank,6.168984879039121e-6
junto,7.997778267119314e-8
quoth,9.493988669660433e-7
shalt,5.504437296035986e-6
penne,6.278635748364515e-8
suing,1.4051561024307973e-6
ramen,4.273731118906791e-8
randy,8.505702426006729e-8
begat,4.281992889096636e-7
iliac,1.4004933327155503e-6
arose,0.000016753373226475892
mammy,1.9868775509781692e-7
wider,0.000018537248801644616
pence,2.2891989649984296e-6
media,0.000042447696829909274
creme,1.567118054925727e-7
gipsy,4.407678852075539e-7
plied,1.037287131928478e-6
hussy,1.2297095416609447e-7
radii,2.0008969927974018e-6
vying,3.7905809061514827e-7
semen,1.5936301293090124e-6
nerdy,6.85745897306828e-8
shone,4.112782579552224e-6
pansy,1.4302357354217532e-7
swung,5.774658280506916e-6
freed,6.027354602564342e-6
gazer,8.229209337993721e-8
femme,5.686758390200687e-7
riper,2.1544441201077147e-7
saner,1.5580911026323996e-7
slept,8.324808402373309e-6
morph,2.457745167400214e-7
cacti,3.452981995154893e-7
admin,8.331693910430508e-7
sperm,4.057686435814425e-6
caput,3.9555190665107484e-7
leant,6.772749370086774e-7
abled,8.460744240039574e-8
began,0.00012315920690216474
kneed,1.845451634996376e-7
voila,7.4778248099412e-8
odder,8.607448310972416e-8
terra,1.725804606805905e-6
nosey,6.234756139088853e-8
bicep,9.580507291594248e-8
bused,9.239837645690345e-8
pouty,5.6636769076381595e-8
rarer,1.0728869020850748e-6
leapt,1.5775508857993526e-6
smote,9.882048730185192e-7
baler,1.3187710353398989e-7
knelt,2.634529601246311e-6
pinky,1.355589277902072e-7
slunk,2.689093687305989e-7
women,0.00019435029375864895
truer,1.103398595517516e-6
purer,1.2734617457030403e-6
gayer,1.3722596408739624e-7
dealt,0.000020946648100416
tonga,5.921755884402668e-8
paddy,1.7479900890395829e-6
inbox,1.303562993317083e-7
ovine,2.1380318565838405e-7
borne,0.00001717491192535205
kinky,1.979367757965559e-7
wooly,8.870772249453336e-8
flung,4.623638641275012e-6
girly,1.0300846440798037e-7
boney,3.4567365655765054e-8
welch,2.2589790888761233e-8
geese,2.1605521670659406e-6
droit,7.714216799810793e-7
ralph,3.404741541584671e-8
axion,4.6599983663350734e-8
eking,1.0112264963667839e-7
shorn,8.906883936139498e-7
mamma,1.5345721582472865e-6
froze,1.9841997601096878e-6
newer,4.758215288150663e-6
cabby,7.283333863371225e-8
druid,9.260664858262363e-8
cried,0.000020861094982400277
stunk,6.357141648206485e-8
gauge,0.00001015526540383394
ficus,6.764317729932972e-8
wiser,2.9086478931692223e-6
turbo,7.764784342891261e-7
eying,1.1445893767995203e-7
haute,2.5192570237863265e-7
spied,8.212102424557864e-7
undid,4.013012299065558e-7
intro,7.385780659884037e-7
willy,3.0485067984152777e-7
twixt,3.2999712362177455e-7
login,5.455764769461356e-7
roger,6.395599005822266e-8
artsy,6.068810427127531e-8
