cigar,3.3164826121196696e-06
rebut,9.532769985177167e-07
sissy,1.6552956102893972e-07
humph,2.488004122268779e-08
awake,7.115899013119049e-06
blush,2.5283396972829013e-06
focal,6.711228551529714e-06
evade,2.3487411964095718e-06
naval,1.6906498027871707e-05
serve,7.008702767339536e-05
heath,1.1696414204282684e-06
dwarf,3.114179304549848e-06
model,0.0001348409918347919
karma,9.41980435342685e-07
stink,7.545611730241164e-07
grade,4.433821465437622e-05
quiet,2.978439472047404e-05
bench,1.0000150255377357e-05
abate,1.5337367625741966e-06
feign,3.849323088856925e-07
major,0.0001405079105829302
death,0.00017024356739333467
fresh,4.725596417574484e-05
crust,5.430619144770076e-06
stool,3.7399225587293723e-06
colon,4.531984572877609e-06
abase,9.217254681758404e-08
marry,1.4474810926094992e-05
react,8.026501926928767e-06
batty,4.575878947294928e-08
pride,1.9846812963233542e-05
floss,3.298773686742748e-07
helix,1.6863303452303192e-06
croak,2.6356473084529443e-07
staff,8.324564045207861e-05
paper,0.00014814865294703904
unfed,9.686647286825106e-08
whelp,1.3507966707429628e-07
trawl,8.62392898875042e-07
outdo,3.2466624215701935e-07
adobe,8.260625149743657e-07
crazy,8.077725560245583e-06
sower,2.211070931599149e-07
repay,4.115900793832739e-06
digit,4.313149144886319e-06
crate,1.1782785470505863e-06
cluck,9.54209702200629e-08
spike,2.6442721230353014e-06
mimic,1.6724945504737792e-06
pound,2.202670375989251e-05
maxim,2.6402997532662714e-06
linen,6.296852245156021e-06
unmet,5.850127277442041e-07
flesh,2.0055799077605375e-05
booby,3.2257065902824846e-07
forth,7.204566028505629e-05
first,0.0007837939249180336
stand,7.54197127028495e-05
belly,5.996685469256092e-06
ivory,3.7313233496955547e-06
seedy,3.4383592849162654e-07
print,2.267905456720538e-05
yearn,5.970610425494131e-07
drain,9.759458535145406e-06
bribe,1.7663032430183767e-06
stout,5.223671013331098e-06
panel,2.1872632249508376e-05
crass,3.4678927112849183e-07
flume,6.409190618343942e-07
offal,5.265882715049867e-07
agree,5.3002920436857935e-05
error,6.600384453709476e-05
swirl,9.061543020821356e-07
argue,1.9429378340332513e-05
bleed,1.8550287876684961e-06
delta,3.974010941039064e-06
flick,7.087662910174233e-07
totem,6.369764279317962e-07
wooer,8.334956868302354e-08
front,9.988297313900928e-05
shrub,2.79175790895399e-06
parry,3.122272159204505e-07
biome,1.424409601442346e-07
lapel,3.4974863796182523e-07
start,6.903662918328802e-05
greet,3.1148962836701714e-06
goner,7.312191847508686e-08
golem,8.400854398096886e-08
lusty,6.797902898354089e-07
loopy,5.938556259909573e-08
round,7.409886935985633e-05
audit,1.1718934952055133e-05
lying,2.9016387377789244e-05
gamma,5.9748521123280475e-06
labor,9.549849480670208e-05
islet,9.542543696775612e-07
civic,7.71498069053041e-06
forge,2.4250777122996514e-06
corny,1.803222136151168e-07
moult,4.64348668502148e-07
basic,8.301232945703233e-05
salad,3.7128891549178685e-06
agate,6.007123924614036e-07
spicy,9.919375918441595e-07
spray,1.0024246884965e-05
essay,1.394529828514428e-05
fjord,3.514257674756284e-07
spend,2.762293160643773e-05
kebab,7.29983480742326e-08
guild,1.3842255097671661e-06
aback,9.348001844502783e-07
motor,4.966366096568548e-05
alone,0.00010515061639493101
hatch,2.936364963022272e-06
hyper,1.117678892024958e-06
thumb,7.175293164489504e-06
dowry,1.2549004984431498e-06
ought,5.8962416733319364e-05
belch,1.274190491243989e-07
dutch,1.2680921845578692e-07
pilot,1.8394326752788184e-05
tweed,4.169146749803261e-07
comet,1.8924252725201215e-06
jaunt,2.2700742578424948e-07
enema,6.257412843972905e-07
steed,1.0437403597511935e-06
abyss,1.768452920836762e-06
growl,9.982363531828207e-07
fling,1.2822988613515352e-06
dozen,1.91282146594807e-05
boozy,5.633731928252025e-08
erode,8.126781035066295e-07
world,0.0003134033811811262
gouge,3.618718904574236e-07
click,1.0953492914790258e-05
briar,1.9883182484864873e-07
great,0.00041366811319845426
altar,9.083351673576323e-06
pulpy,2.4437113331420776e-07
blurt,1.738869887633387e-07
coast,3.958087426972383e-05
duchy,7.797555142178343e-07
groin,1.2135198038628922e-06
fixer,2.1933485810442133e-07
group,0.00022401686348511393
rogue,1.4075695270559679e-06
badly,1.3888587658188521e-05
smart,8.299252297181819e-06
pithy,3.9729423146879285e-07
gaudy,8.00812844308863e-07
chill,4.160217385263754e-06
heron,4.867510397244431e-07
vodka,9.660422771859043e-07
finer,5.6437515002811615e-06
surer,6.479480614251692e-07
radio,3.48091046355759e-05
rouge,5.109828537143162e-07
perch,2.1594693152210205e-06
retch,6.649483457613247e-08
wrote,6.656106220070876e-05
clock,1.3558917301691047e-05
tilde,7.621476541392942e-08
store,3.891749927985645e-05
prove,5.081742669303234e-05
bring,9.886332510074101e-05
solve,1.7959610649436658e-05
cheat,1.8434268419721792e-06
grime,3.7388292203423545e-07
exult,2.585663490281839e-07
usher,9.317743303267759e-07
epoch,4.426171276947763e-06
triad,1.2145180097215962e-06
break,4.429286047507053e-05
rhino,2.805320504107891e-07
viral,4.74053041386202e-06
conic,8.157759250127596e-07
masse,8.916070365836122e-07
sonic,1.155997601959341e-06
vital,2.628828971348367e-05
trace,2.0299856067240675e-05
using,0.00018703013163150664
peach,2.8961398984103927e-06
champ,2.755522818953415e-07
baton,6.20193210663244e-07
brake,7.341779805217742e-06
pluck,1.4471957749988996e-06
craze,6.873982134857809e-07
gripe,2.393086088634362e-07
weary,7.168168255684349e-06
picky,1.6313103118346428e-07
acute,2.6594988074093522e-05
ferry,4.093408878478028e-06
aside,3.462404549757683e-05
tapir,1.1557105377282883e-07
troll,3.609136058788116e-07
unify,8.99273932439172e-07
rebus,3.3963336952374305e-07
boost,3.996867215829205e-06
truss,1.6247237302842013e-06
siege,6.1366622689375655e-06
tiger,2.8680601376423617e-06
banal,5.974933326839425e-07
slump,1.476376144532537e-06
crank,3.31192862574133e-06
gorge,1.8547245961272869e-06
query,6.025503351072627e-06
drink,2.7374861898682913e-05
favor,4.233264265402489e-05
abbey,2.0241128787950113e-06
tangy,1.6574587924679564e-07
panic,7.383427008716123e-06
solar,1.8020263742444764e-05
shire,1.208799458647783e-06
proxy,3.7246751505471333e-06
point,0.0003076297564576346
robot,3.6658022322689734e-06
prick,1.0946965087874786e-06
wince,4.039800716946025e-07
crimp,2.657886184645221e-07
knoll,5.930823387145093e-07
sugar,3.888365137543687e-05
whack,3.526300642689775e-07
mount,6.858638805483045e-06
perky,1.6653233925646642e-07
could,0.0007782745179847997
wrung,1.0134472493102464e-06
light,0.00019701036295029638
those,0.0006364720921881444
moist,7.157583293589501e-06
shard,1.675888995428097e-07
pleat,9.974621344095752e-08
aloft,1.8234701701836414e-06
skill,2.6522179878901726e-05
elder,8.039487779976355e-06
frame,3.804115457153962e-05
humor,7.764929313756837e-06
pause,8.895829133644367e-06
ulcer,3.673968453055115e-06
ultra,4.5130770632352214e-06
robin,8.437942585938924e-07
cynic,3.5194511150402073e-07
aroma,1.565410901373514e-06
caulk,7.865016508686967e-08
shake,8.935845882266804e-06
dodge,7.419437981611024e-07
swill,1.5805694858514727e-07
tacit,1.9202171353428746e-06
other,0.001395587084867301
thorn,1.6247081041803721e-06
trove,3.111851776195914e-07
bloke,4.674162215335884e-07
vivid,6.740630720476346e-06
spill,3.120410884778627e-06
chant,1.8492857919210137e-06
choke,1.6970921378996906e-06
rupee,1.0008580845374028e-06
nasty,2.695082842759585e-06
mourn,1.9033390225019207e-06
ahead,3.248632831378855e-05
brine,2.644075543320687e-06
cloth,2.2944075172905894e-05
hoard,1.189802546309397e-06
sweet,2.8063045064044753e-05
month,0.00010088756469992016
lapse,5.156512950132453e-06
watch,3.2762852062519576e-05
today,9.116080524955603e-05
focus,4.797239178946105e-05
smelt,1.009682502513103e-06
tease,1.1550859593225266e-06
cater,1.4040920712455283e-06
movie,1.117900683222947e-05
saute,2.1354947984773137e-07
allow,7.48216731367647e-05
renew,4.991358527804165e-06
their,0.001799120518762562
slosh,7.800038954024265e-08
purge,1.737083788210147e-06
chest,2.3412117987152528e-05
depot,4.1386927401309684e-06
epoxy,1.996233682251124e-06
nymph,9.260014605198251e-07
found,0.00042338095663875747
shall,0.0006807490940438066
harry,1.7221843556808128e-07
stove,5.48975107422805e-06
lowly,1.7453441446493195e-06
snout,1.5813683132049449e-06
trope,5.752968892671734e-07
fewer,1.8119902524801758e-05
shawl,1.4187031292522916e-06
natal,8.832918956126323e-07
comma,1.8276820591343895e-06
foray,4.357521686970138e-07
scare,2.2571439029025913e-06
stair,1.6394681019648986e-06
black,0.00011521884540732342
squad,2.7585602852711755e-06
royal,2.1555645087545447e-05
chunk,1.1463085216502672e-06
mince,4.3267030220595125e-07
shame,1.1142086392742098e-05
cheek,9.359161039664972e-06
ample,1.2906649820773954e-05
flair,7.466526073340345e-07
foyer,9.323416874337997e-07
cargo,1.5522791881446522e-05
oxide,1.652009216621109e-05
plant,0.00011738867931037161
olive,7.4090699868699334e-06
inert,3.554459614680779e-06
askew,2.6849762692125375e-07
heist,9.49168959392475e-08
shown,0.00019054306656257898
zesty,5.2787458557891655e-08
hasty,3.347541070847732e-06
trash,3.2166050156027032e-06
fella,3.981188563637801e-07
larva,3.0894803403764617e-06
forgo,5.818868177148995e-07
story,9.765817694452023e-05
hairy,2.8190353741736958e-06
train,4.315975250569492e-05
homer,1.6091721938205462e-07
badge,2.4370987998060504e-06
midst,1.3434693206541301e-05
canny,3.0164774376280825e-07
fetus,3.3434531350213844e-06
butch,1.5182954642025434e-07
farce,1.7005075161940593e-06
slung,1.1891766033842484e-06
tipsy,3.3227707244529467e-07
metal,6.035012900695716e-05
yield,5.13507813835811e-05
delve,6.202615276826781e-07
being,0.0006357289281585908
scour,9.447978444136942e-07
glass,5.946836707898235e-05
gamer,7.567888217499326e-08
scrap,6.3453402161666015e-06
money,0.0001881949929812681
hinge,2.6805718131515058e-06
album,4.072567518631646e-06
vouch,5.939169173588053e-07
asset,1.3441031289374057e-05
tiara,2.733993007910128e-07
crept,3.583816077870218e-06
bayou,3.6413233280549123e-07
atoll,3.5704676478401295e-07
manor,4.180541310416943e-06
creak,4.5526863043832243e-07
showy,1.0193062057821003e-06
phase,6.830860831351634e-05
froth,7.803105352178591e-07
depth,4.838862489320095e-05
gloom,3.835857547316797e-06
flood,1.9165858613688456e-05
trait,4.538868088626852e-06
girth,9.682634858213506e-07
piety,4.967137150843822e-06
payer,1.053383542626184e-06
goose,2.5589379586113245e-06
float,6.020022381702226e-06
donor,8.03669917846332e-06
atone,7.286110243345261e-07
primo,3.2291086621707124e-07
apron,2.629459654099105e-06
blown,7.062186617614843e-06
cacao,7.71786561147367e-07
loser,1.205150164085752e-06
input,3.347003000783827e-05
gloat,1.781805144249047e-07
awful,8.635216795460186e-06
brink,1.9027356590818986e-06
smite,5.863974630893106e-07
beady,1.7715589481431788e-07
rusty,1.960571205278336e-06
retro,5.201489846668101e-07
droll,4.449061156104697e-07
gawky,8.72969027150422e-08
hutch,1.588272681266383e-07
pinto,1.5140982654806225e-07
gaily,1.0588458515506308e-06
egret,9.975070022084006e-08
lilac,9.491927231774335e-07
sever,1.3476307713704447e-06
field,0.00017945958372437993
fluff,3.190992907383318e-07
hydro,2.317027479066625e-06
flack,4.348985303436206e-08
agape,3.2565637600943076e-07
voice,8.507180266720534e-05
stead,2.5707362678473728e-06
stalk,3.084054975941732e-06
berth,1.767446111389142e-06
madam,2.2031117162913017e-06
night,0.0001422621229651349
bland,1.219236593889549e-06
liver,2.164681821957995e-05
wedge,4.227234307781882e-06
augur,2.7750799115965334e-07
roomy,5.049858993526417e-07
wacky,1.4192132586460547e-07
flock,6.040909698899017e-06
angry,1.642187020413526e-05
bobby,1.3144588404424252e-07
trite,6.411659955616751e-07
aphid,8.290464516785984e-07
tryst,1.887630347546093e-07
midge,2.5230402471623935e-07
power,0.0003336101626682167
elope,1.4356908975126673e-07
cinch,2.0976061401679957e-07
motto,2.8934902986562228e-06
stomp,2.032011916598052e-07
upset,9.063207232172111e-06
bluff,2.123331538131467e-06
cramp,5.42146629235686e-07
quart,2.5720534272601336e-06
coyly,1.7492482217073704e-07
youth,3.737066220236068e-05
rhyme,2.6491155827394303e-06
buggy,1.2918652013281998e-06
alien,1.1237891669235805e-05
smear,1.4981056198310453e-06
unfit,4.073257757844614e-06
patty,1.506803103882595e-07
cling,2.390002319340025e-06
glean,5.143532605142143e-07
label,1.4089158323466989e-05
hunky,6.598111844838599e-08
khaki,7.471909797563466e-07
poker,1.5134757323245384e-06
gruel,4.14034007204648e-07
twice,3.580338355368889e-05
twang,2.2565037179032653e-07
shrug,1.4319728381594903e-06
treat,2.3962842260423626e-05
unlit,2.3073480974600945e-07
waste,4.5604001814584343e-05
merit,1.7536273405523945e-05
woven,5.105204470949784e-06
octal,1.597238666145464e-07
needy,3.443822713302838e-06
clown,1.3079428106349578e-06
widow,1.587411410217183e-05
irony,4.417366416963958e-06
ruder,2.2250406520477494e-07
gauze,2.11049345985504e-06
chief,6.951408340749409e-05
onset,1.0217730119504413e-05
prize,1.2187875828837245e-05
fungi,4.778994331498579e-06
charm,8.608101583128439e-06
gully,8.9842229789752e-07
inter,1.680414058605225e-05
whoop,3.696407386126631e-07
taunt,5.344058328676782e-07
leery,1.4820572238483417e-07
class,0.00016218279487702496
theme,2.00086107373175e-05
lofty,5.651496839358485e-06
tibia,2.0250583203382007e-06
booze,6.322690282131882e-07
alpha,5.8913493981368065e-06
thyme,8.582889759749677e-07
eclat,1.0747058342069425e-07
doubt,8.279202209476088e-05
parer,1.8411411436146496e-08
chute,1.499303131500826e-06
stick,1.5329502316733373e-05
trice,1.680818894377478e-07
alike,1.638884082556832e-05
sooth,4.3229985112111233e-07
recap,2.180729411281115e-07
saint,5.253380889155435e-06
liege,4.4064855361845773e-07
glory,2.0512706317725095e-05
grate,2.149016359158713e-06
admit,2.5636540763692105e-05
brisk,2.2816679655054236e-06
soggy,4.256310569351988e-07
usurp,6.502244783218419e-07
scald,3.3903287316105604e-07
scorn,3.621065486613635e-06
leave,0.00010920570448080013
twine,1.334320132594464e-06
sting,2.3233221280014985e-06
bough,7.142897972812473e-07
marsh,3.503229722932101e-06
sloth,6.090572230781976e-07
dandy,5.817368520508341e-07
vigor,4.252832666304682e-06
howdy,3.7393128895090556e-08
enjoy,2.7473336631638915e-05
valid,2.8233376766168474e-05
ionic,3.929331647339594e-06
equal,0.00010045529546873967
unset,8.036694259838175e-08
floor,6.467387042820291e-05
catch,2.332161201318328e-05
spade,1.4157495409458001e-06
stein,1.6152713429754028e-07
exist,5.561458050632273e-05
quirk,2.2194212110382674e-07
denim,5.255921326679223e-07
grove,2.7876116650307546e-06
spiel,1.0938252113446895e-07
mummy,7.931045194543492e-07
fault,2.650360210837342e-05
foggy,7.519481663524626e-07
flout,2.0859608660364763e-07
carry,7.231212705549314e-05
sneak,1.3382941993135288e-06
libel,3.3696279448826033e-06
waltz,7.307899946904454e-07
aptly,1.8204116898856419e-06
piney,6.094785679703212e-08
inept,6.366255619663806e-07
aloud,6.126108428749573e-06
photo,1.1438032819418766e-05
dream,2.490033599408462e-05
stale,2.0636831023559395e-06
vomit,1.004369691832974e-06
ombre,8.000149033101353e-08
fanny,1.0061317127425728e-07
unite,6.627627918415445e-06
snarl,4.720606904757799e-07
baker,1.483123860340039e-06
there,0.0011413899093591575
glyph,1.8310953508444337e-07
pooch,5.272371540624096e-08
hippy,9.321192465741023e-08
spell,7.570791862719178e-06
folly,5.411168956917313e-06
louse,6.530970603348006e-07
gulch,2.690676131064899e-07
vault,3.5257505239011384e-06
godly,1.6592509109597628e-06
threw,1.5837918822531613e-05
fleet,1.5942590830681953e-05
grave,2.1701044126547283e-05
inane,2.8757956257086e-07
shock,2.2455899451787818e-05
crave,1.076512279791036e-06
spite,2.734365465756579e-05
valve,2.4540433110607927e-05
skimp,7.865351340064521e-08
claim,9.818817749665584e-05
rainy,3.5234752181718417e-06
musty,6.658938564577928e-07
pique,3.9942675717180185e-07
daddy,1.575205425687096e-06
quasi,7.0103139283788416e-06
arise,2.8171269989239118e-05
aging,7.96322772255843e-06
valet,1.0313875227142343e-06
opium,4.375579243282437e-06
avert,1.945261736936192e-06
stuck,1.0043254184106397e-05
recut,7.519638100378135e-08
mulch,1.0239037580440306e-06
genre,5.425275270786302e-06
plume,2.0178236728714773e-06
rifle,6.956178877300876e-06
count,2.921138620289409e-05
incur,3.5712900123267622e-06
total,0.00021254614779123501
wrest,6.396947325133514e-07
mocha,9.130406961872089e-08
deter,3.411717454583038e-06
study,0.00024019544366851
lover,1.0654749457210425e-05
safer,4.626215233982977e-06
rivet,9.870975354939194e-07
funny,7.549954742146349e-06
smoke,1.968829152279558e-05
mound,3.822799375666343e-06
undue,6.568912927367195e-06
sedan,8.836876668553966e-07
pagan,3.3623516998915306e-06
swine,3.6836459872580323e-06
guile,5.405950515890233e-07
gusty,2.0877989804046366e-07
equip,2.9481812483029063e-06
tough,1.0280971340135309e-05
canoe,3.5471464591743346e-06
chaos,6.350773819227709e-06
covet,5.183017269550583e-07
human,0.0001892978745515588
udder,6.799589597471731e-07
lunch,1.3742292838971532e-05
blast,8.57415009257932e-06
stray,2.9758752277089333e-06
manga,1.9550360172180104e-07
melee,2.8767818575472327e-07
lefty,5.217431357935631e-08
quick,2.7407571022788973e-05
paste,5.445409078054214e-06
given,0.000382781261069162
octet,2.3897914165558825e-07
risen,8.969546891662353e-06
groan,1.911802675268139e-06
leaky,7.87709517589845e-07
grind,2.1498702037323053e-06
carve,1.0964835086005228e-06
loose,2.0430355242351898e-05
sadly,4.267406754105783e-06
spilt,4.690462896924309e-07
apple,9.843714070431718e-06
slack,3.2444969392124766e-06
honey,1.0251433136764921e-05
final,0.0001001215481553417
sheen,8.250230497698457e-07
eerie,9.856329522011877e-07
minty,4.910647986146394e-08
slick,1.3834868155049205e-06
derby,2.110439842815896e-07
wharf,3.4331118371747516e-06
spelt,9.336529586770079e-07
coach,9.189969664006177e-06
erupt,5.296512526544908e-07
singe,1.3295015002435492e-07
price,0.0001403063987458663
spawn,1.2136082713376692e-06
fairy,4.5387027776799875e-06
jiffy,1.1566253486222667e-07
filmy,2.3249656023015416e-07
stack,6.703485598771516e-06
chose,1.61585683308392e-05
sleep,3.7831700624632465e-05
ardor,9.36818684698949e-07
nanny,5.049265573927608e-07
niece,3.233221618557526e-06
woozy,9.365521604457473e-08
handy,3.3660641270559176e-06
grace,2.3607951125080418e-05
ditto,2.4173449223783186e-06
stank,2.1582871841912932e-07
cream,1.6351297821944698e-05
usual,5.797182099510154e-05
diode,2.737633904246412e-06
valor,1.1597950661024948e-06
angle,3.7412649670439855e-05
ninja,1.0474735762781761e-07
muddy,2.9350964943347545e-06
chase,4.92438669408042e-06
reply,3.0091966502340827e-05
prone,5.786825431661084e-06
spoil,3.6623502019573505e-06
heart,0.00012701139521431742
shade,1.2425075457673108e-05
diner,7.236622217959508e-07
arson,1.2045509410007402e-06
onion,4.044189737586449e-06
sleet,6.330643747761096e-07
dowel,3.841358546069925e-07
couch,5.239716866146763e-06
palsy,1.4705000835660348e-06
bowel,4.2515158084970724e-06
smile,3.0468867351392616e-05
evoke,2.0357413880395425e-06
creek,7.047349774069356e-06
lance,2.1457380176477606e-06
eagle,3.86497389424201e-06
idiot,2.368752108472054e-06
siren,9.5961263247433e-07
built,8.443078023398819e-05
embed,4.566963401394272e-07
award,2.7512983431142754e-05
dross,5.264757452010163e-07
annul,1.0215273998693957e-06
goody,1.6942212619437657e-07
frown,2.3366679044142525e-06
patio,1.3837586365148642e-06
laden,4.290960515967432e-06
humid,2.3224406752847274e-06
elite,7.979443776515716e-06
lymph,4.840963544148828e-06
edify,1.6692837101910302e-07
might,0.00036177459035564353
reset,1.845175614693842e-06
visit,5.3298837566573244e-05
gusto,5.41604028438531e-07
purse,5.5455990296509944e-06
vapor,9.837790295020802e-06
crock,2.3676277164410646e-07
write,6.235520002134397e-05
sunny,3.882339865862295e-06
loath,7.661746639439447e-07
chaff,1.153334440308336e-06
slide,1.1553928107801293e-05
queer,3.558447531010418e-06
venom,1.4970481631532826e-06
stamp,9.657025296423768e-06
sorry,2.2250301609533415e-05
still,0.00032820545351483705
acorn,4.889270999874548e-07
aping,1.2129819347618548e-07
pushy,1.9799122030282957e-07
tamer,1.7260544988306016e-07
hater,2.3570559241671208e-07
mania,1.618756306341245e-06
awoke,2.7216007152661844e-06
brawn,2.185014146965536e-07
swift,5.534474955814795e-06
exile,6.528388042233101e-06
birch,2.3041382905233133e-06
lucky,7.850597884007676e-06
freer,1.448248398203381e-06
risky,3.056559365361063e-06
ghost,5.839886274986264e-06
plier,4.558193839694772e-08
lunar,3.4537192785913073e-06
winch,1.0022363353145928e-06
snare,1.3171232711913522e-06
nurse,1.7370457391691838e-05
house,0.00019537109330747092
borax,8.273773606774898e-07
nicer,7.361420238275319e-07
lurch,5.170498780496135e-07
exalt,8.664183259283648e-07
about,0.0009888351548801072
savvy,6.634965496060693e-07
toxin,2.805544963899526e-06
tunic,1.300502579489427e-06
pried,3.3567724076058587e-07
inlay,4.4732347961946794e-07
chump,8.030511015680214e-08
lanky,3.5018444385820896e-07
cress,2.1852741291817026e-07
eater,7.580603796805013e-07
elude,8.028513292079562e-07
cycle,3.4644189502742826e-05
kitty,2.765550178066586e-07
boule,8.067548086584312e-08
moron,2.4779746142973373e-07
tenet,8.483997457909963e-07
place,0.0003636546060187878
lobby,4.372859428254729e-06
plush,7.805442365893648e-07
vigil,7.262975044447727e-07
index,4.945594418649929e-05
blink,1.1645442552178522e-06
clung,3.0058564403961364e-06
qualm,1.1752689390754513e-07
croup,4.703479789093148e-07
clink,2.6499545023318025e-07
juicy,1.0802949642565305e-06
stage,8.949778206230553e-05
decay,1.3451238013799147e-05
nerve,2.1643744161453605e-05
flier,2.9320216347884235e-07
shaft,2.2120664812421858e-05
crook,9.562057052437074e-07
clean,3.448821644493333e-05
china,2.7391118957293278e-06
ridge,1.0110314363888316e-05
vowel,4.155547410915164e-06
gnome,1.7236251867936462e-07
snuck,3.4379232577617165e-07
icing,1.2176262058288163e-06
spiny,6.857662119832854e-07
rigor,1.2753846777640014e-06
snail,1.4754333838424344e-06
flown,3.4417847303699845e-06
rabid,5.579186710859958e-07
prose,8.579456879664574e-06
thank,2.5939425184813332e-05
poppy,9.138852399958893e-07
budge,6.654438904972695e-07
fiber,1.4728269892078228e-05
moldy,2.5912844856042675e-07
dowdy,1.308048657568875e-07
kneel,1.24363691960983e-06
track,3.4895897863798566e-05
caddy,1.374293108111837e-07
quell,7.227796825288706e-07
dumpy,1.2518162381448705e-07
paler,1.8033157236966934e-06
swore,3.374768723617153e-06
rebar,1.3306710873882081e-07
scuba,3.943041901138391e-07
splat,1.0315433912941886e-07
flyer,6.76385656862979e-07
horny,9.346901018544176e-07
mason,9.940105094687987e-07
doing,0.00010688505130729468
ozone,4.309743752107439e-06
amply,3.3401200019612024e-06
molar,3.4174676863430934e-06
ovary,3.1567383403328246e-06
beset,2.3236343510025414e-06
queue,2.525317034326501e-06
cliff,4.505508395912897e-06
magic,1.2378227653998147e-05
truce,2.1946114586020375e-06
sport,1.1800342330897845e-05
fritz,2.5250840211825947e-08
edict,1.567307645532863e-06
twirl,1.9139229982417626e-07
verse,1.6737804743554105e-05
llama,2.496249280007371e-07
eaten,9.190182638523266e-06
range,0.0001280080240847692
whisk,6.931219005629762e-07
hovel,3.4253843521803833e-07
rehab,4.081794957816785e-07
macaw,7.760254120229638e-08
sigma,7.405501045142908e-07
spout,1.107989046856742e-06
verve,2.644827631206482e-07
sushi,2.9948725591980556e-07
dying,1.6777736157915807e-05
fetid,4.437170732412495e-07
brain,4.259137563060794e-05
buddy,1.372743656133443e-06
thump,7.193655692716794e-07
scion,6.148841096544925e-07
candy,3.5597764529424067e-06
chord,3.7276613500407504e-06
basin,1.571807381176057e-05
march,1.3289513526786176e-05
crowd,2.0435011983156848e-05
arbor,7.421778433875777e-07
gayly,2.620902609357181e-07
musky,2.0415661300200502e-07
stain,4.988753824986781e-06
dally,4.6332387456077284e-07
bless,5.55440853715631e-06
bravo,1.361356379314937e-07
stung,1.340342221571175e-06
title,0.00010349622803093444
ruler,7.3670482837539295e-06
kiosk,3.3894419369237014e-07
blond,2.6183874046774725e-06
ennui,3.720933397388413e-07
layer,4.3397579265475164e-05
fluid,3.493252182260741e-05
tatty,7.357026204965491e-08
score,2.0262970082054745e-05
cutie,5.563618121312152e-08
zebra,5.560487847664633e-07
barge,3.4511919118196523e-06
matey,3.8631254648371665e-08
bluer,1.5063210438768947e-07
aider,1.4178168414311872e-07
shook,2.026352877047944e-05
river,7.673509314725689e-05
privy,2.243776039975294e-06
betel,4.1067969687257123e-07
frisk,1.8011123116110477e-07
bongo,5.778821722181448e-08
begun,2.844822534425282e-05
azure,1.0083773902900932e-06
weave,2.1955370843478953e-06
genie,2.994850967052985e-07
sound,8.31749415190257e-05
glove,2.2793125056936157e-06
braid,1.0982368445743834e-06
scope,3.3008028436869226e-05
wryly,5.241061195801575e-07
rover,2.8834636940165087e-07
assay,6.260477028011265e-06
ocean,2.1429547944125312e-05
bloom,5.4474385275609936e-06
irate,4.3851915225543727e-07
later,0.00019571530812286366
woken,5.859615298644289e-07
silky,1.3187983594194057e-06
wreck,3.759908344559808e-06
dwelt,3.607177084695853e-06
slate,4.822794750776382e-06
smack,9.136569212739381e-07
solid,4.554780518816026e-05
amaze,4.1752497682416273e-07
hazel,1.0280872541449274e-06
wrist,5.60333722638284e-06
jolly,1.7206032326309715e-06
globe,7.48016564245749e-06
flint,2.4633245279611917e-06
rouse,1.4077342010374812e-06
civil,6.135894360984196e-05
vista,8.547322297026e-07
relax,4.951384948278335e-06
cover,6.958955804735073e-05
alive,2.3842143976140963e-05
beech,1.5586146726211615e-06
jetty,1.1078205166085242e-06
bliss,2.89758003955186e-06
vocal,6.2589352213139105e-06
often,0.00023671656664482962
dolly,3.0980797243978326e-07
eight,8.132037604619637e-05
joker,2.681089764411535e-07
since,0.0002768756934734387
event,6.618566022284848e-05
ensue,1.8026154807924249e-06
shunt,2.074651050490124e-06
diver,1.110624901503073e-06
poser,9.608879173438564e-08
worst,1.986633643815729e-05
sweep,6.307968789498626e-06
alley,3.87400444943725e-06
creed,4.442579257828552e-06
anime,1.5547731109456871e-07
leafy,1.6741820158166644e-06
bosom,5.382029314741183e-06
dunce,1.8375580405260567e-07
stare,4.8490957738674664e-06
pudgy,1.8470701151298843e-07
waive,3.400008825449228e-06
choir,4.072116663327479e-06
stood,6.538735620580524e-05
spoke,4.081526697906484e-05
outgo,2.10676027628784e-07
delay,3.278896635416952e-05
bilge,4.301868318395418e-07
ideal,3.180594510222044e-05
clasp,1.3750511791758794e-06
seize,5.846742631853222e-06
hotly,1.0068755073011529e-06
laugh,1.5170450799946375e-05
sieve,2.5360709813055153e-06
block,3.81225729936396e-05
meant,4.9264684986659924e-05
grape,3.635930393528096e-06
noose,6.256817281582141e-07
hardy,3.5615498594131927e-06
shied,3.090072702534464e-07
drawl,3.1337692252889105e-07
daisy,5.890782393951318e-07
putty,5.870302950071763e-07
strut,9.289768724733784e-07
burnt,7.875934629952452e-06
tulip,5.190106847461845e-07
crick,7.367918532603975e-08
idyll,2.608811412315279e-07
vixen,1.356722394407637e-07
furor,3.2829482674933253e-07
geeky,5.477450534926212e-08
cough,4.884782869799811e-06
naive,3.2386867160107854e-06
shoal,1.2774854216090336e-06
stork,3.34184577802909e-07
bathe,1.33963695900451e-06
aunty,8.868296001290107e-08
check,4.820182468268781e-05
prime,1.8593053894401792e-05
brass,1.0337241253630374e-05
outer,2.965063326677153e-05
furry,4.888134452239787e-07
razor,1.9038626574987396e-06
elect,1.0955159686736569e-05
evict,2.8586575683629904e-07
imply,1.0972402729033725e-05
demur,4.7527468679362514e-07
quota,6.373440806900839e-06
haven,2.1211527151636944e-06
cavil,3.003394522863573e-07
swear,6.1216896199422055e-06
crump,1.9816984607999134e-08
dough,3.4745164988865795e-06
gavel,3.948614523660044e-07
wagon,8.389350404006026e-06
salon,1.459345898808083e-06
nudge,4.6646595394876754e-07
harem,7.262000333525477e-07
pitch,1.2661295750375476e-05
sworn,8.71206230511724e-06
pupil,1.3599634165014872e-05
excel,1.7030876226657017e-06
stony,2.1769748747730194e-06
cabin,8.943145120804922e-06
unzip,7.851845481410713e-08
queen,1.3156410861517093e-05
trout,6.404724884633747e-06
polyp,4.186655281096144e-07
earth,7.790162202886635e-05
storm,1.916388990209667e-05
until,0.00025926312521522255
taper,1.8918364661210484e-06
enter,5.5525781674601635e-05
child,0.0001570279543402777
adopt,2.2453857955091286e-05
minor,3.751153501177987e-05
fatty,7.84766610248759e-06
husky,8.687482889481981e-07
brave,1.0569940253161813e-05
filet,1.805936455785109e-07
slime,1.2333340306501936e-06
glint,6.465659761942933e-07
tread,3.5397871130945053e-06
steal,5.197498493597356e-06
regal,1.1407483975088568e-06
guest,1.083539305179464e-05
every,0.00033795480646564644
murky,8.466753477355277e-07
share,8.371400908734757e-05
spore,1.7171740705432431e-06
hoist,1.7646728566720938e-06
buxom,2.1959191191348784e-07
inner,3.6451904358593465e-05
otter,1.037215852722452e-06
dimly,1.7627801786098016e-06
level,0.0002132723473697544
sumac,2.1798959801091096e-07
donut,1.7741976367404714e-07
stilt,1.2757722963040074e-07
arena,5.109356658340007e-06
sheet,3.298741920896918e-05
scrub,2.3256123386549685e-06
fancy,1.2832239349345294e-05
slimy,7.644735003578754e-07
pearl,2.942440614196606e-06
silly,5.594485019761262e-06
porch,6.054057338787687e-06
dingo,9.06662717285121e-08
sepia,3.3615922338882227e-07
amble,1.3157842340575942e-07
shady,1.7560812025147726e-06
bread,2.278271159961921e-05
friar,9.391635192756803e-07
reign,1.6766270747036666e-05
dairy,1.2292694229229948e-05
quill,7.767569952493118e-07
cross,7.531055412044944e-05
brood,3.37076604482243e-06
tuber,9.314952581137828e-07
shear,1.0640559561399669e-05
posit,7.962533925640556e-07
blank,1.3695092209073644e-05
villa,2.387158505528936e-06
shank,1.5493272477720148e-06
piggy,1.916395554963212e-07
freak,1.169595222643477e-06
which,0.003151273982861528
among,0.00023814544065208241
fecal,1.4229142450635602e-06
shell,2.2051003945552472e-05
would,0.0014664497417387634
algae,3.7989574936878948e-06
large,0.0003442441412643979
rabbi,1.326438022772565e-06
agony,4.366671581922946e-06
amuse,1.7711090677964903e-06
bushy,1.0067094757987449e-06
copse,3.36102411753569e-07
swoon,3.982168454172128e-07
knife,1.3714492200302444e-05
pouch,2.1739641307976077e-06
ascot,2.1038376739596046e-08
plane,3.9680148132933315e-05
crown,1.860497509062651e-05
urban,4.078318842007744e-05
snide,1.4584177330184777e-07
relay,4.638844940247213e-06
abide,4.3666750956866236e-06
viola,6.284107772484499e-07
rajah,1.964191037440502e-07
straw,9.011733138372424e-06
dilly,6.965438738656543e-08
crash,6.083515309044588e-06
amass,3.492676075607531e-07
third,0.00015399217496349886
trick,6.253964249642962e-06
tutor,3.1543166680818762e-06
woody,2.3118848272317766e-06
blurb,1.5546594860453207e-07
grief,1.0847513026650245e-05
disco,5.406266754621193e-07
where,0.0006215428567469508
sassy,1.416193250789307e-07
beach,1.4334998495837887e-05
sauna,4.372909884965636e-07
comic,5.7510075691546965e-06
clued,5.044973098932118e-08
creep,4.9710118282474425e-06
caste,5.818310210386404e-06
graze,1.0391087674120558e-06
snuff,1.3100578157770072e-06
frock,9.824992658915093e-07
gonad,3.354694408354756e-07
drunk,8.544123476057783e-06
prong,6.673506579593796e-07
lurid,7.722622505602646e-07
steel,6.355940297513555e-05
halve,2.0070563922534235e-07
buyer,1.1866310392053471e-05
vinyl,2.7043485035589862e-06
utile,1.2611314133796405e-07
smell,1.2106342456468388e-05
adage,7.587171816214267e-07
worry,1.5431050087008324e-05
tasty,9.913375806692599e-07
local,0.00020592938041437997
trade,0.00014628043851018822
finch,2.0897468907258097e-07
ashen,3.816115020145146e-07
modal,2.8058732445256467e-06
gaunt,8.755336939148064e-07
clove,7.411091521310491e-07
enact,5.601136574402455e-06
adorn,1.4194581245300256e-06
roast,2.3162720121660475e-06
speck,8.530385418506951e-07
sheik,1.607448726980178e-07
missy,9.16208122567762e-08
grunt,7.680599613746979e-07
snoop,1.0140099141410501e-07
party,0.00015320978929984642
touch,3.500348629580109e-05
mafia,3.0686502077767295e-07
emcee,6.949554600978916e-08
array,1.4588968088309175e-05
south,7.123340311245035e-05
vapid,2.1004671759686754e-07
jelly,2.2770453584047708e-06
skulk,8.173970640163865e-08
angst,3.072258450945098e-07
tubal,4.971549146496843e-07
lower,0.0001454938353261905
crest,5.835236341083583e-06
sweat,6.333484737390946e-06
cyber,9.56903819881629e-07
adore,1.353202596630217e-06
tardy,7.986568993096988e-07
swami,4.829842357163586e-08
notch,3.3368331679091235e-06
groom,2.120103471282344e-06
roach,3.503069531744993e-07
hitch,1.1862024669385225e-06
young,0.00016687123069614846
align,1.7746344548421692e-06
ready,7.280643981585681e-05
frond,4.3375794310700593e-07
strap,2.7024817654977142e-06
puree,3.8144567860535307e-07
realm,1.1666444774316708e-05
venue,3.4129231774906033e-06
swarm,2.0410223384345736e-06
offer,7.106627947656403e-05
seven,7.921787388666573e-05
dryer,1.5102973859480949e-06
diary,5.7205488185644665e-06
dryly,6.654407186012824e-07
drank,6.168984879039121e-06
acrid,7.06279935045697e-07
heady,6.951881042357257e-07
theta,5.597309038713583e-07
junto,7.997778267119314e-08
pixie,1.0648282124516654e-07
quoth,9.493988669660433e-07
bonus,6.5012845218020275e-06
shalt,5.504437296035986e-06
penne,6.278635748364515e-08
amend,2.768387331972493e-05
datum,1.8749924869843888e-06
build,4.417366306984434e-05
piano,9.71656393276358e-06
shelf,8.698762200878929e-06
lodge,5.435422459716991e-06
suing,1.4051561024307973e-06
rearm,8.693516052081528e-08
coral,4.020959839909488e-06
ramen,4.273731118906791e-08
worth,5.654814685612495e-05
psalm,1.227141824941612e-06
infer,4.835299733737774e-06
overt,3.64642984070159e-06
mayor,9.64470485778086e-06
ovoid,9.859341213630925e-07
glide,1.7362831520579545e-06
usage,1.4406900917469398e-05
poise,9.437326720532225e-07
randy,8.505702426006729e-08
chuck,1.0977534459917675e-06
prank,3.177144449359588e-07
fishy,3.065863970854388e-07
tooth,9.846472331512778e-06
ether,8.839167686482399e-06
drove,1.615180734755777e-05
idler,4.580129757171991e-07
swath,4.63737951553186e-07
stint,8.349897176995712e-07
while,0.00035938801546178765
begat,4.281992889096636e-07
apply,7.949551844132642e-05
slang,1.3982341535981153e-06
tarot,1.2897750257826635e-07
radar,7.08562419447739e-06
credo,3.9321663205239575e-07
aware,4.707405161050687e-05
canon,3.9821551318574884e-06
shift,3.1614773953979795e-05
timer,1.6445422962064429e-06
bylaw,3.358130600605253e-07
serum,1.6576158303814578e-05
three,0.00046022551204110324
steak,1.770878434731619e-06
iliac,1.4004933327155503e-06
shirk,4.1665573410958913e-07
blunt,3.6337024866960467e-06
puppy,1.6698993308725962e-06
penal,4.833150314299726e-06
joist,3.168735220302924e-07
bunny,2.959035872603936e-07
shape,5.180161483220142e-05
beget,5.868612798947188e-07
wheel,2.3724449959802425e-05
adept,1.4093179104425023e-06
stunt,8.16811151907455e-07
stole,3.891960101250174e-06
topaz,3.176722782277469e-07
chore,6.875519507584806e-07
fluke,4.327672548645353e-07
afoot,6.980311146426886e-07
bloat,1.77089316419369e-07
bully,1.2776341506676632e-06
dense,1.2335987493397984e-05
caper,2.3640060033506e-07
sneer,1.076843752143836e-06
boxer,6.735824191852004e-07
jumbo,3.9718683399241993e-07
lunge,3.3147257535765507e-07
space,0.00011884189717434722
avail,7.398210347909485e-06
short,0.0001620150436452139
slurp,6.317926161245306e-08
loyal,8.279369414430505e-06
flirt,5.51064201527251e-07
pizza,1.8868710201719841e-06
conch,4.618529426169106e-07
tempo,2.221367260775649e-06
droop,5.638034606778139e-07
plate,4.663996275170775e-05
bible,9.000692132989361e-07
plunk,5.709644056438928e-08
afoul,2.8672551325899864e-07
savoy,2.0993937652944617e-08
steep,1.027279882778807e-05
agile,9.08594126426712e-07
stake,8.518619073388975e-06
dwell,7.166571501076121e-06
knave,6.925964762108018e-07
beard,5.043897828206381e-06
arose,1.6753373226475892e-05
motif,3.0193030519707758e-06
smash,1.223017820392065e-06
broil,2.2136373849439555e-07
glare,3.1597948255964293e-06
shove,1.0754125280352739e-06
baggy,4.381910438679985e-07
mammy,1.9868775509781692e-07
swamp,3.7321873236150275e-06
along,0.00017434990171457274
rugby,6.994301992024601e-07
wager,1.0995930444621884e-06
quack,5.842470449272442e-07
squat,1.001733948647152e-06
snaky,8.954508748902912e-08
debit,1.996161958608878e-06
mange,2.7960703464772513e-07
skate,6.275922457926161e-07
ninth,8.506725987273678e-06
joust,1.218484071505727e-07
tramp,1.5432593755098211e-06
spurn,2.910154293854319e-07
medal,3.892386681191783e-06
micro,7.0861778743439284e-06
rebel,4.883356475620191e-06
flank,4.419144622781532e-06
learn,5.678620936492672e-05
nadir,4.1939604215281935e-07
maple,3.1010877803280893e-06
comfy,2.0732216889370127e-07
remit,2.1019058236379782e-06
gruff,5.044877754576902e-07
ester,2.9907469814901298e-06
least,0.00021564402591348338
mogul,1.4453812531399736e-07
fetch,3.548745202606748e-06
cause,0.00016441947096838187
oaken,3.212196268978321e-07
aglow,2.921931557663736e-07
meaty,3.094298418794285e-07
gaffe,6.611922546801385e-08
shyly,5.877536495567756e-07
racer,3.0583890371809265e-07
prowl,2.851677793281158e-07
thief,3.700120651657492e-06
stern,6.808790044125188e-06
poesy,2.244678901469855e-07
rocky,5.660763136141854e-06
tweet,1.8000839044701395e-07
waist,6.873499716265717e-06
spire,1.4236374954410945e-06
grope,3.610954380648987e-07
havoc,1.710291053718771e-06
patsy,4.8884400657146264e-08
truly,3.196430358791763e-05
forty,3.808096551400381e-05
deity,3.623393257855178e-06
uncle,1.1934698739618841e-05
swish,2.975110204703836e-07
giver,1.2679115049915717e-06
preen,8.335936667352951e-08
bevel,9.613986977338292e-07
lemur,8.565811390118049e-08
draft,2.525858232876171e-05
slope,1.8953960178167074e-05
annoy,1.0085952436380879e-06
lingo,2.4183880216364115e-07
bleak,2.116704805439238e-06
ditty,2.63354195129461e-07
curly,1.5151637860462025e-06
cedar,2.7709753754628632e-06
dirge,3.241815829434475e-07
grown,4.077925742693328e-05
horde,7.508368534034029e-07
drool,1.6406316928111524e-07
shuck,9.819983963526774e-08
crypt,7.838554470251379e-07
cumin,4.481353570447471e-07
stock,0.00011262677356642727
gravy,9.238685781556648e-07
locus,4.571961718872462e-06
wider,1.8537248801644616e-05
breed,8.008386955702034e-06
quite,0.00014787410301424559
chafe,2.0804743750374392e-07
cache,2.221289227650609e-06
blimp,8.599037916379464e-08
deign,3.5561898639065396e-07
fiend,8.293400876726579e-07
logic,1.9714714273382148e-05
cheap,1.2986646674483336e-05
elide,6.031441733586722e-08
rigid,1.3878545308701008e-05
false,3.737108485793443e-05
renal,1.1173289242569916e-05
pence,2.2891989649984296e-06
rowdy,3.699936225211398e-07
shoot,1.0800216763620852e-05
blaze,2.2928055924300927e-06
envoy,1.5623422286886659e-06
posse,6.806606992949084e-07
brief,4.4781359964413166e-05
never,0.0002884258849445523
abort,5.945326534923249e-07
mouse,1.0652304522721188e-05
mucky,9.94534928812051e-08
sulky,4.6040500167567146e-07
fiery,3.681364683114123e-06
media,4.2447696829909274e-05
trunk,1.1332457224973222e-05
yeast,5.459941568460511e-06
clear,0.0001412893580716808
skunk,4.971793583092674e-07
scalp,2.4728686577113546e-06
bitty,6.856043427895843e-08
cider,1.5173667605477118e-06
koala,7.687468628331274e-08
duvet,1.5890304190424178e-07
segue,7.104186038170426e-08
creme,1.567118054925727e-07
super,7.3133604845954645e-06
grill,1.2929614486680075e-06
after,0.0006412205221464199
owner,5.4656147752942266e-05
ember,3.23596552100391e-07
reach,5.92654482305488e-05
nobly,1.3044727180204708e-06
empty,2.6280235163202743e-05
speed,6.293231412079776e-05
gipsy,4.407678852075539e-07
recur,1.7576603883046144e-06
smock,2.9557621505211363e-07
dread,5.809888270540385e-06
merge,3.028465219065581e-06
burst,1.2747517989388616e-05
kappa,3.393677098145781e-07
amity,7.554858229818028e-07
shaky,1.3783176804210154e-06
hover,9.890285996177342e-07
carol,3.0918279638001995e-07
snort,5.744607059111677e-07
synod,1.0963867858142723e-06
faint,9.901921071645474e-06
haunt,1.765882595309576e-06
flour,1.3801484455527158e-05
chair,3.269232931961676e-05
detox,1.2366868916552326e-07
shrew,3.4217560944580336e-07
tense,6.309613472627041e-06
plied,1.037287131928478e-06
quark,1.221212101951407e-06
burly,6.940965718445506e-07
novel,3.1671581473317496e-05
waxen,2.5279521793459154e-07
stoic,4.356035712085483e-07
jerky,5.183287543209311e-07
blitz,2.584301004059153e-07
beefy,1.603382595900781e-07
lyric,2.2907682988612366e-06
hussy,1.2297095416609447e-07
towel,3.3486806428505275e-06
quilt,1.397180626454968e-06
below,0.0001382174155411011
bingo,4.705493799600992e-07
wispy,2.2570320643286232e-07
brash,3.7310709832906684e-07
scone,8.98068804910002e-08
toast,3.205612004439942e-06
easel,6.235472277771419e-07
saucy,4.124415647155398e-07
value,0.0002721466790673454
spice,1.4733758242262354e-06
honor,2.683025965060301e-05
route,3.1441872703880115e-05
sharp,2.8660680045340417e-05
bawdy,3.3345362058811897e-07
radii,2.0008969927974018e-06
skull,7.670176158501371e-06
phony,6.214626067631019e-07
issue,0.00013677630008316268
lager,3.056538546319735e-07
swell,4.449739967052558e-06
urine,1.2970756239971707e-05
gassy,1.246776916735016e-07
trial,9.102939149195622e-05
flora,4.106795165820548e-06
upper,7.064327001660579e-05
latch,2.0736681529289603e-06
wight,3.2853710228495546e-07
brick,1.5568613934975947e-05
retry,1.2664825196261803e-07
holly,6.520040049865076e-07
decal,1.3769341547945666e-07
grass,2.6460713108927883e-05
shack,1.0168475868107494e-06
dogma,2.2108996789649367e-06
mover,1.493385704436173e-06
defer,2.6479933898209138e-06
sober,4.684867981217514e-06
optic,4.7623170786307656e-06
crier,2.4882889423871336e-07
vying,3.7905809061514827e-07
nomad,4.0449972191070113e-07
flute,2.272906674069439e-06
hippo,1.3762209173522613e-07
shark,1.8262937857748837e-06
drier,1.7006576040997053e-06
obese,1.551776710565868e-06
bugle,5.85279976911639e-07
tawny,8.739513332863291e-07
chalk,3.7555186497943387e-06
feast,7.171308054513167e-06
ruddy,9.952951461531393e-07
pedal,1.8737989305939578e-06
scarf,1.6681076705080218e-06
cruel,9.922580496169479e-06
bleat,1.314611609768821e-07
tidal,5.020708792992109e-06
slush,4.4850552294903567e-07
semen,1.5936301293090124e-06
windy,1.1527835400699651e-06
dusty,3.048389772650553e-06
sally,5.29038282854272e-07
igloo,1.24078663348039e-07
nerdy,6.85745897306828e-08
jewel,1.936608374064977e-06
shone,4.112782579552224e-06
whale,3.6983707973461797e-06
hymen,1.962526400660699e-07
abuse,2.572158438597462e-05
fugue,4.4833294197636664e-07
elbow,5.677802913031164e-06
crumb,4.83826629227409e-07
pansy,1.4302357354217532e-07
welsh,2.9366850060730594e-08
syrup,3.3465861413766547e-06
terse,7.220546086418163e-07
suave,3.4659477756783654e-07
gamut,8.108438702529629e-07
swung,5.774658280506916e-06
drake,1.5514930747674467e-07
freed,6.027354602564342e-06
afire,3.1137087201064096e-07
shirt,1.2094304302109842e-05
grout,7.34741520661596e-07
oddly,1.6454856888165016e-06
tithe,1.3731095737610326e-06
plaid,6.557596600461221e-07
dummy,2.265798815395572e-06
broom,1.7000945313942915e-06
blind,2.074761095691342e-05
torch,3.053847724163782e-06
enemy,4.5764753992991175e-05
again,0.0002563947892268247
tying,2.6217661557670537e-06
pesky,1.7504076566379842e-07
alter,1.5376305146949223e-05
gazer,8.229209337993721e-08
noble,2.9447517145605806e-05
ethos,1.6988437544702573e-06
bride,7.148759229063236e-06
extol,3.679387438096263e-07
decor,9.788979211504284e-07
hobby,1.9904052529112453e-06
beast,6.752376066319352e-06
idiom,1.8131220276855404e-06
utter,7.879313364711328e-06
these,0.0009999972230429499
sixth,1.707307000286068e-05
alarm,1.1435334567961355e-05
erase,1.4334750096908566e-06
elegy,5.202303701694482e-07
spunk,1.4175484789066921e-07
piper,3.498137057618629e-07
scaly,8.614906006422803e-07
scold,5.734255652006113e-07
hefty,6.012201322758756e-07
chick,2.3958305047268717e-06
sooty,4.5008188081345493e-07
canal,1.8925640194419323e-05
whiny,7.396542548090831e-08
slash,1.4526255882335066e-06
quake,5.716963778295852e-07
joint,5.8486790670158004e-05
swept,1.015295539201148e-05
prude,1.1945923392861846e-07
heavy,7.204747941070866e-05
wield,1.0903670499707635e-06
femme,5.686758390200687e-07
lasso,2.1180724897456298e-07
maize,5.365906403853925e-06
shale,8.118341358389728e-06
screw,9.697227270588625e-06
spree,4.433007911442962e-07
smoky,1.2328234435886298e-06
whiff,5.499918538573796e-07
scent,4.772293433307021e-06
glade,4.891458624364869e-07
spent,5.577405317278478e-05
prism,2.6825489587563073e-06
stoke,1.5866541637423763e-07
riper,2.1544441201077147e-07
orbit,8.099673679841331e-06
cocoa,3.125471912066168e-06
guilt,1.2684507673227946e-05
humus,1.4434817522811352e-06
shush,6.255980473626305e-08
table,0.00011988425567119458
smirk,6.112953238119894e-07
wrong,5.8253772922064404e-05
noisy,3.8920047762454995e-06
alert,7.552855131143278e-06
shiny,2.7671633709017075e-06
elate,1.1148019921807546e-07
resin,6.711064922749926e-06
whole,0.00023817564446268653
hunch,6.261421992938021e-07
pixel,2.472578835697068e-06
polar,7.1643204206081215e-06
hotel,2.1946673153831128e-05
sword,1.5686558934434298e-05
cleat,2.1209378736131375e-07
mango,9.217331417846799e-07
rumba,6.418762696147731e-08
puffy,4.901387185401714e-07
filly,3.2352025323196886e-07
billy,2.2170263407929447e-07
leash,8.172005364856643e-07
clout,6.90238749760947e-07
dance,2.0863193703248123e-05
ovate,2.4705098032966885e-06
facet,1.957067684344809e-06
chili,7.957662323599967e-07
paint,1.5950283965270357e-05
liner,2.831874596840905e-06
curio,1.3944828839375693e-07
salty,1.0457586931854782e-06
audio,6.5904696606251394e-06
snake,5.608218816077241e-06
fable,1.8286082966123828e-06
cloak,4.255885624974045e-06
navel,8.445244176829653e-07
spurt,6.783667469733351e-07
pesto,1.4152369193159654e-07
balmy,5.391114200080495e-07
flash,8.77320129113661e-06
unwed,2.7100875313175917e-07
early,0.0001957855221565291
churn,7.414930458936195e-07
weedy,4.375557495960868e-07
stump,2.498632163153692e-06
lease,2.7768428026890054e-05
witty,2.1189536010679232e-06
wimpy,5.136143124001328e-08
spoof,1.5085922075471363e-07
saner,1.5580911026323996e-07
blend,4.96969958615539e-06
salsa,4.1533378002297625e-07
thick,3.871359105596461e-05
warty,1.9675802789389826e-07
manic,1.035215986469565e-06
blare,1.7764668642946916e-07
squib,1.2029300502562388e-07
spoon,3.2344245956411818e-06
probe,8.094612683788356e-06
crepe,4.761664078330429e-07
knack,7.529092021295298e-07
force,0.00015237958231647793
debut,1.9819571176923148e-06
order,0.0003910046672714699
haste,5.010145116288151e-06
teeth,2.9857469961705313e-05
agent,6.068299888336827e-05
widen,1.8837492880345445e-06
icily,1.287723319359854e-07
slice,4.158026804594056e-06
ingot,1.320298663755213e-06
clash,2.818997726705724e-06
juror,2.462148013624435e-06
blood,0.00011144554560742305
abode,3.866558099694248e-06
throw,1.988020225159429e-05
unity,2.264163950960289e-05
pivot,2.5632814542847305e-06
slept,8.324808402373309e-06
troop,3.6786452099342073e-06
spare,1.122106927464745e-05
sewer,6.874649018695698e-06
parse,3.8808636896500773e-07
morph,2.457745167400214e-07
cacti,3.452981995154893e-07
tacky,2.93855742853869e-07
spool,9.372509055898938e-07
demon,3.4033531911322642e-06
moody,5.878993918553631e-07
annex,2.1197306448068535e-06
begin,5.510332437750697e-05
fuzzy,3.494380105613464e-06
patch,7.164617346505284e-06
water,0.0004002789899930443
lumpy,4.752430152835085e-07
admin,8.331693910430508e-07
omega,6.510784069839971e-07
limit,5.293190175131038e-05
tabby,1.6058316907037373e-07
macho,4.4094645867092363e-07
aisle,3.169392297146486e-06
skiff,4.5507464376404565e-07
basis,0.00015192143973744252
plank,2.6944450944360177e-06
verge,2.897119097501528e-06
botch,7.495987349405865e-08
crawl,2.2771899246817813e-06
lousy,7.578165442792594e-07
slain,4.703574757069401e-06
cubic,1.5718437802708326e-05
raise,3.7283799454425784e-05
wrack,1.5279350367766787e-07
guide,3.605810431411866e-05
foist,1.3893149807118936e-07
cameo,3.3678315535844855e-07
under,0.0007866936493573612
actor,9.891099071096249e-06
revue,3.7993598374618953e-07
fraud,1.739051495869454e-05
harpy,8.987294202890568e-08
scoop,1.253442094513219e-06
climb,7.780675994693688e-06
refer,3.7288727257000125e-05
olden,9.591421879534375e-07
clerk,2.9487475666144447e-05
debar,2.587073763048257e-07
tally,1.448941613580295e-06
ethic,2.1396909682580163e-06
cairn,4.3822500365993894e-07
tulle,1.7535957315484598e-07
ghoul,1.0142615803899261e-07
hilly,1.729348609469188e-06
crude,1.586824812469564e-05
apart,3.6861661407859517e-05
scale,8.061347957942153e-05
older,4.770472851952546e-05
plain,3.6511428017253737e-05
sperm,4.057686435814425e-06
briny,1.4561251365115817e-07
abbot,2.140389391264137e-06
rerun,2.445071668373308e-07
quest,6.242836662043085e-06
crisp,2.693563668767409e-06
bound,5.4471291155708925e-05
befit,1.1856141400060148e-07
drawn,6.099037289053665e-05
suite,4.897048977881713e-06
itchy,2.8795445787101997e-07
cheer,3.77112126642042e-06
bagel,1.6145495394542906e-07
guess,1.9944301834494933e-05
broad,5.196796293024753e-05
axiom,1.6025928522172561e-06
chard,2.122493968955957e-07
caput,3.9555190665107484e-07
leant,6.772749370086774e-07
harsh,7.936045589113083e-06
curse,5.877671783673594e-06
proud,1.8968838872502907e-05
swing,7.886165705848369e-06
opine,1.596221737619734e-07
taste,2.812783987018727e-05
lupus,1.3316187915372128e-06
gumbo,1.6210105559406478e-07
miner,2.8281253622108163e-06
green,5.8138251917577176e-05
chasm,1.1694363111821062e-06
lipid,4.51496227811992e-06
topic,1.8619389426348715e-05
armor,3.6540303299920436e-06
brush,1.1242804914789198e-05
crane,3.4099894041590534e-06
mural,1.5301250613104246e-06
abled,8.460744240039574e-08
habit,1.9302383893506308e-05
bossy,2.2002746901377802e-07
maker,9.52496450434109e-06
dusky,1.8403693656066591e-06
dizzy,1.35537785624022e-06
lithe,4.978475278123959e-07
brook,3.153014595974369e-06
jazzy,9.597074113753425e-08
fifty,4.222880190196736e-05
sense,0.00014208830209567957
giant,1.1507884752505988e-05
surly,5.506142977318212e-07
legal,9.49641135951933e-05
fatal,1.476274779653284e-05
flunk,6.982247649164698e-08
began,0.00012315920690216474
prune,7.805168433423425e-07
small,0.0003324851122609194
slant,1.251996665364447e-06
scoff,3.519491112127985e-07
torus,6.661602525112396e-07
ninny,8.566600304140544e-08
covey,1.4593491198663593e-07
viper,3.900811779950892e-07
taken,0.00027178399038843597
moral,5.640811785195456e-05
vogue,2.2309869441222776e-06
owing,2.4330678603120368e-05
token,5.524301104070194e-06
entry,4.344315260525909e-05
booth,2.694753470824962e-06
voter,4.342728199303443e-06
chide,2.9211573938267704e-07
elfin,1.6358263522985561e-07
ebony,7.05317956064674e-07
neigh,3.039410600556246e-07
minim,1.7567174204809414e-07
melon,8.750920193049602e-07
kneed,1.845451634996376e-07
decoy,4.7423109898145696e-07
voila,7.4778248099412e-08
ankle,3.698815335104674e-06
arrow,7.5995143709501855e-06
mushy,2.7966966975377857e-07
tribe,1.3170656454670439e-05
cease,1.4283473944708168e-05
eager,1.079014832478657e-05
birth,4.0972019992440625e-05
graph,1.2056041354442638e-05
odder,8.607448310972416e-08
terra,1.725804606805905e-06
weird,3.5032899783308933e-06
tried,7.167405367393377e-05
clack,1.799591294326221e-07
color,6.036671597937913e-05
rough,2.178431681193642e-05
weigh,6.296173586800056e-06
uncut,1.2544862451092378e-06
ladle,8.370001660030802e-07
strip,1.4510220126603965e-05
craft,1.2004453851116735e-05
minus,6.6124700438776655e-06
dicey,6.913626857312805e-08
titan,1.4140987250253684e-07
lucid,1.8085989183686849e-06
vicar,2.017551539231265e-06
dress,2.4183031759297515e-05
ditch,5.72885435457995e-06
gypsy,1.0004490671535624e-06
pasta,1.5472479660847913e-06
taffy,8.657462771216244e-08
flame,1.3347585499081473e-05
swoop,4.965979863776837e-07
aloof,1.7721124983094889e-06
sight,4.262442107209454e-05
broke,2.4557685305494527e-05
teary,1.3320027801072376e-07
chart,1.5828440695995123e-05
sixty,2.3126390315068042e-05
wordy,2.679962901743566e-07
sheer,6.657309684130364e-06
leper,6.14466250742255e-07
nosey,6.234756139088853e-08
bulge,1.1478748528617579e-06
savor,5.988085545968708e-07
clamp,2.852739520838319e-06
funky,2.629119366747681e-07
foamy,2.694381583378988e-07
toxic,1.0811976691794908e-05
brand,1.2652877274570825e-05
plumb,7.479581915270359e-07
dingy,9.346754383916376e-07
butte,1.204412141676717e-07
drill,1.023918707627208e-05
tripe,2.0997852653881908e-07
bicep,9.580507291594248e-08
tenor,3.54365576690325e-06
krill,2.598587271348941e-07
worse,2.903937793353004e-05
drama,1.4061659459357173e-05
hyena,2.80238797870779e-07
think,0.00030832960331054023
ratio,5.549752750087219e-05
cobra,4.0167446199274364e-07
basil,7.639668654633886e-07
scrum,1.7501820972240293e-07
bused,9.239837645690345e-08
phone,2.881720446351604e-05
court,0.00024704386545315187
camel,2.3051645035582515e-06
proof,4.901460189231799e-05
heard,0.0001108459178201561
angel,7.855286750651957e-06
petal,7.432851884626938e-07
pouty,5.6636769076381595e-08
throb,6.642415248417394e-07
maybe,2.3269281028770503e-05
fetal,5.319632903291567e-06
sprig,3.6405768887079436e-07
spine,8.310254987385166e-06
shout,4.40379399320774e-06
cadet,1.118896376888093e-06
macro,3.6941379907515875e-06
dodgy,1.1965988351703786e-07
satyr,2.664277183974965e-07
rarer,1.0728869020850748e-06
binge,5.701952995457695e-07
trend,2.346284646247707e-05
nutty,2.3861784666981986e-07
leapt,1.5775508857993526e-06
amiss,1.4163002549165817e-06
split,1.7649143024333506e-05
myrrh,3.725125066792652e-07
width,2.711357728001563e-05
sonar,7.325589222583518e-07
tower,1.3951726966775081e-05
baron,1.640814920352184e-06
fever,2.065233876856619e-05
waver,4.854646014578936e-07
spark,5.732386691008149e-06
belie,3.6041527381021475e-07
sloop,1.0850607962617777e-06
expel,1.6451978641153854e-06
smote,9.882048730185192e-07
baler,1.3187710353398989e-07
above,0.0002800516664993145
north,7.59196449752657e-05
wafer,1.684331793898596e-06
scant,2.1988289789473177e-06
frill,2.3058772952760147e-07
awash,3.935362415170256e-07
snack,1.462601938163056e-06
scowl,6.423650430532585e-07
frail,2.427114189333786e-06
drift,1.0233195197380839e-05
limbo,5.793999471702958e-07
fence,1.0590677482452959e-05
motel,1.6044371390231939e-06
ounce,5.856963166458107e-06
wreak,4.2927416971852086e-07
revel,6.738178955164204e-07
talon,1.1086241053962816e-07
prior,8.521994695957166e-05
knelt,2.634529601246311e-06
cello,8.017991261896866e-07
flake,1.0553177592555973e-06
debug,3.6319753459934884e-07
anode,3.3390736541603356e-06
crime,4.0156835352725225e-05
salve,4.428456598492707e-07
scout,1.6485900575368616e-06
imbue,2.2583414386252102e-07
pinky,1.355589277902072e-07
stave,8.125116694894265e-07
vague,9.806842069066722e-06
chock,2.4652196563665177e-07
fight,3.782537484608078e-05
video,1.668940520049159e-05
stone,4.96127328162584e-05
teach,2.4435066498379085e-05
cleft,2.550974860926047e-06
frost,5.947320101386989e-06
prawn,3.3602627767288654e-07
booty,1.2011424656286327e-06
twist,4.741037501464656e-06
apnea,6.954184045781072e-07
stiff,7.81204286107501e-06
plaza,1.2874194762720177e-06
ledge,2.7221674351507144e-06
tweak,1.9624663197289043e-07
board,0.00011408483189085153
grant,5.1326492241178404e-05
medic,3.506947880426692e-07
bacon,3.2286810663310224e-06
cable,1.9234061770597988e-05
brawl,4.2511407052275366e-07
slunk,2.689093687305989e-07
raspy,2.0679817195068297e-07
forum,6.459617436335156e-06
drone,9.387997177421742e-07
women,0.00019435029375864895
mucus,2.1426818381919053e-06
boast,3.901908570153185e-06
toddy,2.3147759115275194e-07
coven,1.784834192632125e-07
tumor,1.5763236781243184e-05
truer,1.103398595517516e-06
wrath,5.427138510864557e-06
stall,3.2945941738589453e-06
steam,3.673936440430012e-05
axial,6.893629934494558e-06
purer,1.2734617457030403e-06
daily,6.476061320620654e-05
trail,1.1398194085891935e-05
niche,2.6947648861188416e-06
mealy,3.351960449357536e-07
juice,1.140523817813251e-05
nylon,2.146380461283742e-06
plump,1.7213536721592022e-06
merry,4.201217987715844e-06
flail,3.145215044543167e-07
papal,2.7469091639913964e-06
wheat,3.022518282070711e-05
berry,1.6400882862424126e-06
cower,1.6263540990713293e-07
erect,9.861963053073072e-06
brute,2.4953715585971957e-06
leggy,9.263587386432455e-08
snipe,3.946945407203497e-07
sinew,3.8345789343261927e-07
skier,2.717511524074172e-07
penny,4.759663460751963e-06
jumpy,2.1479709596096334e-07
rally,3.156705051768049e-06
umbra,1.570280124322986e-07
scary,1.3951353847202607e-06
modem,2.994974541160202e-06
gross,3.4063446589372744e-05
avian,1.1854351277872017e-06
greed,2.6990674507696815e-06
satin,2.143851537459313e-06
tonic,2.5924285255612004e-06
parka,2.0640803282683025e-07
sniff,6.942528202273636e-07
livid,7.261789979035714e-07
stark,2.4051526643842096e-06
trump,7.969547317911503e-07
giddy,9.246117740536505e-07
reuse,2.0317487168293533e-06
taboo,1.3177930758615872e-06
avoid,5.29267340088735e-05
quote,1.1698929087575113e-05
devil,9.845190855108677e-06
liken,2.7330455455295004e-07
gloss,1.9856022537831837e-06
gayer,1.3722596408739624e-07
beret,1.902873888744564e-07
noise,3.293061670929388e-05
gland,7.864857740942776e-06
dealt,2.0946648100416e-05
sling,1.2355171045217044e-06
rumor,1.8777548871180338e-06
opera,9.254995013484168e-06
thigh,4.062317892503059e-06
tonga,5.921755884402668e-08
flare,2.195347843075559e-06
wound,1.911326911666228e-05
white,0.00014511968023246942
bulky,2.049982435811775e-06
etude,1.9452248843206356e-07
horse,4.583208824633993e-05
circa,1.8252611857266023e-06
paddy,1.7479900890395829e-06
inbox,1.303562993317083e-07
fizzy,7.852282815317179e-08
grain,3.8156088777492734e-05
exert,6.198292177939284e-06
surge,3.854388685180053e-06
gleam,2.1035349186447e-06
belle,6.047617870309289e-07
salvo,2.76710729726964e-07
crush,3.6438577656897817e-06
fruit,4.125584425347727e-05
sappy,1.1209324819681698e-07
taker,8.604097900401237e-07
tract,1.8410910926659836e-05
ovine,2.1380318565838405e-07
spiky,2.5361539521876785e-07
frank,4.016014531810928e-06
reedy,1.8537690339422861e-07
filth,1.6765923386398848e-06
spasm,1.7924893886847023e-06
heave,1.0748577990652512e-06
mambo,4.9524235503396206e-08
right,0.00040390299649985587
clank,1.7114126495223594e-07
trust,7.038257535595832e-05
lumen,2.2013531140987744e-06
borne,1.717491192535205e-05
spook,1.6511379943054604e-07
sauce,6.085670922136178e-06
amber,2.2519721447357955e-06
lathe,1.7378312264956848e-06
carat,3.193432117864952e-07
corer,8.404402824028876e-08
dirty,9.545923602710147e-06
slyly,3.8912703687668147e-07
affix,9.154001915903998e-07
alloy,9.968064315929335e-06
taint,1.1816972974382668e-06
sheep,2.2716473640537788e-05
kinky,1.979367757965559e-07
wooly,8.870772249453336e-08
mauve,4.847352944511616e-07
flung,4.623638641275012e-06
yacht,2.2803656988521423e-06
fried,2.4219804185461437e-06
quail,1.4178804586777327e-06
brunt,9.10601181006258e-07
grimy,4.975546873090122e-07
curvy,1.335690078120556e-07
cagey,8.28059238683425e-08
rinse,1.3663166661586061e-06
deuce,3.9668670567704386e-07
state,0.0004070452057705562
grasp,1.007933501544398e-05
milky,1.0734497837631195e-06
bison,8.98993476032168e-07
graft,3.940897793883122e-06
sandy,9.983184888143655e-06
baste,1.8205308957035927e-07
flask,4.388234551719823e-06
hedge,4.173864341420278e-06
girly,1.0300846440798037e-07
swash,1.186387049326671e-07
boney,3.4567365655765054e-08
coupe,3.640281914525442e-07
endow,7.896586524982862e-07
abhor,5.679266113700455e-07
welch,2.2589790888761233e-08
blade,1.0887610089871022e-05
tight,1.7071643414807683e-05
geese,2.1605521670659406e-06
miser,5.158842575450526e-07
mirth,1.7747844646029817e-06
cloud,1.5131280868370175e-05
cabal,2.4846357589883535e-07
leech,4.3876932274295137e-07
close,0.00013271674449776095
tenth,1.0108796417979707e-05
pecan,5.40571914764553e-07
droit,7.714216799810793e-07
grail,1.2623333823550284e-07
clone,1.509432308001531e-06
guise,2.3199940918328236e-06
ralph,3.404741541584671e-08
tango,3.0193834565356866e-07
biddy,3.3658187621557236e-08
smith,9.756235911887051e-07
mower,7.01015910426214e-07
payee,2.1200606640255777e-06
serif,1.6706916604517086e-07
drape,3.961099232816527e-07
fifth,2.7579956268798977e-05
spank,1.6312736251341416e-07
glaze,1.728370583542418e-06
allot,6.449392757848921e-07
truck,2.1610774031777856e-05
kayak,3.081746019694655e-07
virus,1.9161848353777383e-05
testy,1.7288620831714252e-07
tepee,1.5261972096674143e-07
fully,8.028866224542639e-05
zonal,9.92360039889847e-07
metro,8.516179903685943e-07
curry,9.406350383885328e-07
grand,2.366799733059614e-05
banjo,4.463999595055149e-07
axion,4.6599983663350734e-08
bezel,1.184247305119198e-07
occur,7.389406060853061e-05
chain,3.3024661088219006e-05
nasal,5.362272316212753e-06
gooey,1.457988990047875e-07
filer,2.338819605316633e-07
brace,2.0203734552016007e-06
allay,1.018583869840269e-06
pubic,8.703704443736007e-07
raven,9.787987698900543e-07
plead,4.82150670540552e-06
gnash,6.119022916321125e-08
flaky,3.302385217991122e-07
munch,1.2408561091648092e-07
dully,3.1636770851706117e-07
eking,1.0112264963667839e-07
thing,0.00015078207726872123
slink,1.461872065983182e-07
hurry,7.065903677619223e-06
theft,6.38567015159423e-06
shorn,8.906883936139498e-07
pygmy,2.2316234229367587e-07
ranch,4.931329389140592e-06
wring,5.527807840220173e-07
lemon,4.952943737589646e-06
shore,2.4743031821777737e-05
mamma,1.5345721582472865e-06
froze,1.9841997601096878e-06
newer,4.758215288150663e-06
style,5.6062669203544826e-05
moose,1.163260344401266e-06
antic,1.7790605827536576e-07
drown,1.6428075008823191e-06
vegan,2.773496865704013e-07
chess,2.275398412413391e-06
guppy,5.025121227246109e-08
union,6.22215188822398e-05
lever,8.626692404778975e-06
lorry,8.808900823750457e-07
image,5.9443034348767496e-05
cabby,7.283333863371225e-08
druid,9.260664858262363e-08
exact,2.8788012315445883e-05
truth,7.979586542310638e-05
dopey,6.798067362098156e-08
spear,3.6114663862133984e-06
cried,2.0861094982400277e-05
chime,5.410439422535617e-07
crony,1.4584106990011613e-07
stunk,6.357141648206485e-08
timid,2.759333967537666e-06
batch,5.603447646637656e-06
gauge,1.015526540383394e-05
rotor,4.894519344622543e-06
crack,1.133304238175305e-05
curve,3.5076158129641584e-05
latte,1.5770793825819204e-07
witch,3.478981758530772e-06
bunch,5.6791444870314254e-06
repel,1.5668544871993085e-06
anvil,9.900244108342835e-07
soapy,3.537191511913321e-07
meter,1.175922632089066e-05
broth,2.6574393640348336e-06
madly,9.627366119189632e-07
dried,1.800882040777148e-05
scene,4.103147889745599e-05
known,0.00022956069254628602
magma,1.5932530781978041e-06
roost,7.312533746198812e-07
woman,0.00011872186248943334
thong,4.3273726778799854e-07
punch,4.617660389233922e-06
pasty,4.0884942037545114e-07
downy,8.082519839800184e-07
knead,2.628600092637114e-07
whirl,1.0709377402549797e-06
rapid,4.1827142070112596e-05
clang,4.220613801361289e-07
anger,1.728805310789724e-05
drive,4.2112528952053185e-05
goofy,2.268988544029873e-07
email,4.253848703960713e-06
music,6.979846313254822e-05
stuff,1.530636267701941e-05
bleep,5.462774245888534e-08
rider,3.4992662859263268e-06
mecca,1.6447320894367502e-07
folio,3.5646193829684635e-06
setup,3.5496949227321076e-06
verso,8.281028337644027e-07
quash,9.86641014716084e-07
fauna,4.970642855052479e-06
gummy,3.190547228120019e-07
happy,4.831848615447145e-05
newly,2.1348320481426752e-05
fussy,4.742180497902319e-07
relic,1.6935321985745377e-06
guava,2.1862635473771183e-07
ratty,1.1257446845062174e-07
fudge,3.346222405536252e-07
femur,2.0914855922183393e-06
chirp,3.5885326896289e-07
forte,7.575413465887352e-07
alibi,9.167735712219977e-07
whine,6.636058943376088e-07
petty,6.071207377189949e-06
golly,9.840615434083918e-08
plait,2.930298349327008e-07
fleck,1.0436112685913252e-07
felon,6.820637966752182e-07
gourd,6.410594466876266e-07
brown,4.23700908413992e-05
thrum,9.398258612908745e-08
ficus,6.764317729932972e-08
stash,3.0235612730536834e-07
decry,3.2470539552370964e-07
wiser,2.9086478931692223e-06
junta,6.937385986392033e-07
visor,4.2320151126121157e-07
daunt,1.327078265655479e-07
scree,1.9641365328362907e-07
impel,4.0685911832463507e-07
await,4.244176760468689e-06
press,5.2392194176033e-05
whose,0.00016958045543377683
turbo,7.764784342891261e-07
stoop,1.2278259869943065e-06
speak,6.892252422556277e-05
mangy,1.445998943476909e-07
eying,1.1445893767995203e-07
inlet,6.7256369197236145e-06
crone,1.8989512476695683e-07
pulse,1.792721274439916e-05
mossy,6.286407651394763e-07
staid,9.738074773337632e-07
hence,3.221030469279898e-05
pinch,2.703502824462956e-06
teddy,3.853150844507981e-07
sully,1.6323540539422507e-07
snore,2.788959564960676e-07
ripen,1.165889376620181e-06
snowy,1.6041822026761062e-06
attic,1.989383273395772e-06
going,0.00020790599195084534
leach,6.143023700790992e-07
mouth,5.6804514065820673e-05
hound,1.323644816576484e-06
clump,1.1034033362586383e-06
tonal,1.3194874176346738e-06
bigot,2.3676187615965829e-07
peril,4.375123187499413e-06
piece,5.688300953850735e-05
blame,1.3129778331980815e-05
haute,2.5192570237863265e-07
spied,8.212102424557864e-07
undid,4.013012299065558e-07
intro,7.385780659884037e-07
basal,1.0000507153677126e-05
shine,4.708062335251596e-06
gecko,9.837332940583726e-08
rodeo,4.33054114526153e-07
guard,2.3979660137315822e-05
steer,2.9678633445583726e-06
loamy,1.0054236788177034e-06
scamp,1.6289390068935846e-07
scram,1.2531417719522962e-07
manly,2.7154586563582048e-06
hello,1.465332848981834e-06
vaunt,1.286805514250836e-07
organ,1.7782061644548912e-05
feral,5.149670123555637e-07
knock,5.772863742672317e-06
extra,3.5605368413450174e-05
condo,5.124529006193989e-07
adapt,6.730967708165835e-06
willy,3.0485067984152777e-07
polka,2.8868027580294044e-07
rayon,1.204445142863966e-06
skirt,4.537308202306346e-06
faith,6.452047757683515e-05
torso,1.3795262856192624e-06
match,1.977220772890391e-05
mercy,1.3220650786237786e-05
tepid,5.446137176560477e-07
sleek,1.2016568083424437e-06
riser,7.268449024391081e-07
twixt,3.2999712362177455e-07
peace,7.479738449632826e-05
flush,4.281889096771952e-06
catty,9.71076687220964e-08
login,5.455764769461356e-07
eject,5.815504770795484e-07
roger,6.395599005822266e-08
rival,9.623869924330685e-06
untie,3.2849373473411524e-07
refit,2.5556105191489293e-07
aorta,2.6059135722334757e-06
adult,3.524730936916873e-05
judge,5.7020192896065345e-05
rower,1.266295173699998e-07
artsy,6.068810427127531e-08
rural,4.406107204229776e-05
shave,1.2378994454909833e-06
